batter,avg_pa,babip,rolling_xBA,momentum,matchup_score,l10_hit_rate,season_hit_rate,avg_vs_L,avg_vs_R,streak_len,stand
699806,3.8,0.3,0.25,88.0,0.0,0.6,0.6,0.26,0.26,0,R
675980,3.8,0.3,0.25,88.0,0.0,0.6,0.6,0.26,0.26,0,L
691261,3.8,0.0,0.25,88.0,0.0,0.6,0.6,0.0,0.0,0,R
686956,3.8,0.0,0.25,88.0,0.42850065,0.6,0.6,0.0,0.0,0,R
663760,3.8,0.0,0.25,88.0,-4.107143,0.6,0.6,0.0,0.0,0,R
680438,3.8,0.0,0.25,88.0,-7.375,0.6,0.6,0.0,0.0,0,L
805862,3.8,0.0,0.25,88.0,-5.4289474,0.6,0.6,0.0,0.0,0,R
663799,3.8,0.0,0.25,88.0,6.228958,0.6,0.6,0.0,0.0,0,R
688815,3.8,0.0,0.25,88.0,-5.071052,0.6,0.6,0.0,0.0,0,R
670190,3.8,0.3,0.25,88.0,0.0,0.6,0.6,0.26,0.26,0,R
663544,3.8,0.0,0.25,88.0,5.031212,0.6,0.6,0.0,0.0,0,L
677690,3.8,0.0,0.25,88.0,0.0,0.6,0.6,0.0,0.0,0,R
701800,3.8,0.0,0.25,88.0,-7.815813,0.6,0.6,0.0,0.0,0,R
608700,3.8,1.0,0.25,88.0,0.0,0.6,0.6,0.0,1.0,0,R
664119,3.8,0.0,0.25,88.0,-5.1978884,0.6,0.6,0.0,0.0,0,L
571679,3.8,0.0,0.25,88.0,-3.5341716,0.6,0.6,0.0,0.0,0,R
657780,4.0,0.0,0.25,88.0,-2.880775,0.0,0.0,0.0,0.0,0,L
690956,3.8,0.0,0.25,88.0,0.0,0.6,0.6,0.0,0.0,0,L
664334,3.8,0.3,0.25,88.0,0.0,0.6,0.6,0.26,0.26,0,R
687347,3.8,0.0,0.25,88.0,-5.78594,0.6,0.6,0.0,0.0,0,R
657144,3.8,0.0,0.25,88.0,0.0,0.6,0.6,0.0,0.0,0,L
689880,3.8,0.3,0.25,88.0,0.0,0.6,0.6,0.26,0.26,0,R
687930,3.8,0.3,0.25,88.0,0.0,0.6,0.6,0.26,0.26,0,L
676667,3.8,0.0,0.25,88.0,-8.8268385,0.6,0.6,0.0,0.0,0,R
642456,3.8,0.3,0.25,88.0,0.0,0.6,0.6,0.26,0.26,0,L
657212,5.0,1.0,0.25,88.0,-5.273632,1.0,1.0,1.0,0.0,1,L
664104,1.0,0.0,0.25,88.0,0.0,0.0,0.0,0.0,0.0,0,L
692596,3.8,0.0,0.25,88.0,0.0,0.6,0.6,0.0,0.0,0,R
681862,3.8,0.0,0.25,88.0,-2.5695653,0.6,0.6,0.0,0.0,0,R
641569,3.8,0.3,0.25,88.0,0.0,0.6,0.6,0.26,0.26,0,R
677319,3.8,0.3,0.25,88.0,0.0,0.6,0.6,0.26,0.26,0,L
663944,3.8,1.0,0.25,88.0,4.9405465,0.6,0.6,0.0,0.5,0,R
682947,3.8,0.3,0.25,88.0,0.0,0.6,0.6,0.26,0.26,0,R
547982,3.8,1.0,0.25,88.0,0.0,0.6,0.6,0.0,1.0,0,L
695299,3.8,0.3,0.25,88.0,0.0,0.6,0.6,0.26,0.26,0,L
680874,3.8,0.0,0.25,88.0,2.042361,0.6,0.6,0.0,0.0,0,R
669015,3.8,0.0,0.25,88.0,0.0,0.6,0.6,0.0,0.0,0,R
680881,12.0,0.8,0.25,88.0,5.020015,1.0,1.0,1.0,0.75,1,R
686808,3.8,0.0,0.25,88.0,0.0,0.6,0.6,0.0,0.0,0,R
656967,3.8,1.0,0.25,88.0,0.0,0.6,0.6,0.0,0.5,0,L
679736,3.8,0.0,0.25,88.0,0.0,0.6,0.6,0.0,0.0,0,L
642002,4.0,0.0,0.25,88.0,0.0,0.0,0.0,0.0,0.0,0,L
688002,3.8,0.0,0.25,88.0,-7.2953615,0.6,0.6,0.0,0.0,0,R
682210,3.8,0.3,0.25,88.0,0.0,0.6,0.6,0.26,0.26,0,R
687285,3.0,0.0,0.25,88.0,-8.315163,0.0,0.0,0.0,0.0,0,R
640460,3.8,0.0,0.25,88.0,-3.8920686,0.6,0.6,0.0,0.0,0,R
691968,3.8,0.3,0.25,88.0,0.0,0.6,0.6,0.26,0.26,0,R
694191,3.8,0.0,0.25,88.0,0.0,0.6,0.6,0.0,0.0,0,R
613546,3.8,0.3,0.25,88.0,0.0,0.6,0.6,0.26,0.26,0,R
683649,3.8,0.0,0.25,88.0,2.4709973,0.6,0.6,0.0,0.0,0,L
664926,5.0,0.0,0.25,88.0,1.8637238,0.0,0.0,0.0,0.0,0,R
640461,9.0,0.5,0.25,88.0,0.0,1.0,1.0,0.0,0.3333333333333333,1,R
680710,1.5,1.0,0.25,88.0,-9.382728,1.0,1.0,0.0,1.0,2,L
664850,7.0,1.0,0.25,88.0,0.0,1.0,1.0,0.0,1.0,1,L
677068,3.8,0.0,0.25,88.0,0.0,0.6,0.6,0.0,0.0,0,R
666143,3.8,0.0,0.25,88.0,-3.9267092,0.6,0.6,0.0,0.0,0,L
641924,6.0,0.0,0.25,88.0,0.0,0.0,0.0,0.0,0.0,0,R
665180,1.0,1.0,0.25,88.0,-4.387841,1.0,1.0,0.0,1.0,1,R
801600,3.8,0.0,0.25,88.0,0.0,0.6,0.6,0.0,0.0,0,L
664051,3.8,0.0,0.25,88.0,-4.5459194,0.6,0.6,0.0,0.0,0,L
641512,3.8,1.0,0.25,88.0,0.0,0.6,0.6,0.0,1.0,0,R
703143,3.8,0.3,0.25,88.0,0.0,0.6,0.6,0.26,0.26,0,L
692348,3.8,0.3,0.25,88.0,0.0,0.6,0.6,0.26,0.26,0,R
682630,3.8,0.0,0.25,88.0,-9.416667,0.6,0.6,0.0,0.0,0,R
664848,3.0,0.0,0.25,88.0,-0.4391892,0.0,0.0,0.0,0.0,0,R
681888,5.0,0.0,0.25,88.0,-1.676923,0.0,0.0,0.0,0.0,0,L
642451,2.5,0.33333334,0.25,88.0,0.0,0.5,0.5,0.0,0.25,0,L
682039,1.0,1.0,0.25,88.0,0.0,1.0,1.0,0.0,1.0,1,L
596451,1.5,0.5,0.25,88.0,0.0,0.5,0.5,0.0,1.0,1,R
680552,6.0,0.33333334,0.25,88.0,1.9141603,0.5,0.5,0.0,0.25,0,L
676419,3.8,0.3,0.25,88.0,0.0,0.6,0.6,0.26,0.26,0,R
670281,4.0,0.5,0.25,88.0,-2.6433828,0.0,0.0,1.0,0.0,0,R
683481,3.8,0.3,0.25,88.0,0.0,0.6,0.6,0.26,0.26,0,R
673036,3.8,0.0,0.25,88.0,0.0,0.6,0.6,0.0,0.0,0,R
663411,4.0,0.5,0.25,88.0,0.0,0.5,0.5,0.0,0.25,1,L
592660,2.0,0.0,0.25,88.0,0.0,0.0,0.0,0.0,0.0,0,R
519303,7.0,1.0,0.25,88.0,11.402258,0.0,0.0,1.0,0.0,0,R
600474,2.0,0.5,0.25,88.0,0.0,1.0,1.0,0.0,0.5,1,R
572039,11.0,0.5,0.25,88.0,0.0,1.0,1.0,0.0,0.5,1,R
592144,8.0,0.33333334,0.25,88.0,-0.5937319,1.0,1.0,0.0,0.3333333333333333,1,R
641684,3.8,0.0,0.25,88.0,0.0,0.6,0.6,0.0,0.0,0,R
681259,3.8,0.0,0.25,88.0,0.0,0.6,0.6,0.0,0.0,0,L
668993,3.0,0.0,0.25,88.0,0.0,0.0,0.0,0.0,0.0,0,R
657562,3.8,0.3,0.25,88.0,0.0,0.6,0.6,0.26,0.26,0,L
689931,4.0,0.0,0.25,88.0,-10.874802,0.0,0.0,0.0,0.0,0,R
656378,3.0,0.0,0.25,88.0,0.0,0.0,0.0,0.0,0.0,0,L
667493,3.8,0.3,0.25,88.0,0.0,0.6,0.6,0.26,0.26,0,L
663478,3.0,0.5,0.25,88.0,10.353408,0.0,0.0,1.0,0.0,0,R
650339,6.0,0.0,0.25,88.0,-14.718621,0.0,0.0,0.0,0.0,0,R
703152,3.0,0.0,0.25,88.0,0.0,0.0,0.0,0.0,0.0,0,R
800201,3.8,0.0,0.25,88.0,0.0,0.6,0.6,0.0,0.0,0,L
685313,1.0,1.0,0.25,88.0,9.413889,1.0,1.0,0.0,1.0,1,L
624417,3.5,0.0,0.25,88.0,0.0,0.0,0.0,0.0,0.0,0,R
682628,1.0,0.0,0.25,88.0,0.0,0.0,0.0,0.0,0.0,0,L
656509,3.0,0.0,0.25,88.0,0.0,0.0,0.0,0.0,0.0,0,R
594953,4.5,0.375,0.25,88.0,0.0,0.5,0.5,0.75,0.0,0,L
681466,3.8,0.0,0.25,88.0,0.0,0.6,0.6,0.0,0.0,0,R
665975,3.8,0.0,0.25,88.0,0.0,0.6,0.6,0.0,0.0,0,R
656388,3.8,1.0,0.25,88.0,0.0,0.6,0.6,0.0,1.0,0,R
680938,3.8,1.0,0.25,88.0,0.0,0.6,0.6,0.0,1.0,0,L
516472,3.8,0.3,0.25,88.0,0.0,0.6,0.6,0.26,0.26,0,L
680910,3.8,0.3,0.25,88.0,0.0,0.6,0.6,0.26,0.26,0,L
692043,3.8,0.0,0.25,88.0,0.0,0.6,0.6,0.0,0.0,0,R
688658,3.8,0.0,0.25,88.0,1.7107247,0.6,0.6,0.0,0.0,0,R
800185,3.8,0.0,0.25,88.0,-7.4996686,0.6,0.6,0.0,0.0,0,R
686781,4.3333335,0.5,0.25,88.0,-0.13154098,0.3333333333333333,0.3333333333333333,0.0,0.5,0,R
663660,3.5,1.0,0.25,88.0,-3.467576,0.5,0.5,0.0,0.5,0,R
683536,3.8,0.3,0.25,88.0,0.0,0.6,0.6,0.26,0.26,0,R
672775,3.0,0.0,0.25,88.0,0.0,0.0,0.0,0.0,0.0,0,R
703715,5.0,1.0,0.25,88.0,0.0,1.0,1.0,0.0,0.5,1,R
683001,3.8,0.0,0.25,88.0,0.0,0.6,0.6,0.0,0.0,0,L
691449,4.0,0.0,0.25,88.0,-7.302072,0.0,0.0,0.0,0.0,0,R
660650,3.8,0.0,0.25,88.0,0.0,0.6,0.6,0.0,0.0,0,R
691181,3.8,0.5,0.25,88.0,7.6700373,0.6,0.6,0.0,0.5,0,L
682682,1.0,1.0,0.25,88.0,0.8461538,1.0,1.0,0.0,1.0,1,L
656766,3.8,0.3,0.25,88.0,0.0,0.6,0.6,0.26,0.26,0,R
684494,3.8,0.3,0.25,88.0,0.0,0.6,0.6,0.26,0.26,0,R
663618,3.8,0.3,0.25,88.0,0.0,0.6,0.6,0.26,0.26,0,R
621011,3.8,0.0,0.25,88.0,0.0,0.6,0.6,0.0,0.0,0,L
687144,3.8,0.0,0.25,88.0,-8.298958,0.6,0.6,0.0,0.0,0,R
676803,1.0,1.0,0.25,88.0,0.0,1.0,1.0,0.0,0.3333333333333333,1,L
702476,3.8,0.0,0.25,88.0,-3.376389,0.6,0.6,0.0,0.0,0,R
594694,6.5,0.0,0.25,88.0,-16.20607,0.0,0.0,0.0,0.0,0,L
665173,3.8,1.0,0.25,88.0,0.0,0.6,0.6,0.0,1.0,0,R
680671,1.0,0.0,0.25,88.0,0.0,0.0,0.0,0.0,0.0,0,R
681068,3.8,0.3,0.25,88.0,0.0,0.6,0.6,0.26,0.26,0,L
679027,3.8,0.0,0.25,88.0,2.8000002,0.6,0.6,0.0,0.0,0,L
672479,3.8,0.0,0.25,88.0,-9.543036,0.6,0.6,0.0,0.0,0,R
543308,11.5,0.2857143,0.25,86.90769,1.1077778,0.5,0.5,0.0,0.2857142857142857,1,R
688226,3.0,0.0,0.25,88.0,0.0,0.0,0.0,0.0,0.0,0,R
681143,4.0,0.0,0.25,88.0,0.0,0.0,0.0,0.0,0.0,0,L
663600,3.8,0.3,0.25,88.0,0.0,0.6,0.6,0.26,0.26,0,L
687013,3.8,0.0,0.25,88.0,0.0,0.6,0.6,0.0,0.0,0,R
676595,1.0,1.0,0.25,88.0,0.0,1.0,1.0,0.0,1.0,1,R
658677,4.5,0.0,0.25,88.0,-5.9590054,0.0,0.0,0.0,0.0,0,R
694246,3.8,0.3,0.25,88.0,-1.5668895,0.6,0.6,0.26,0.26,0,R
687426,3.8,0.0,0.25,88.0,-4.088889,0.6,0.6,0.0,0.0,0,R
667442,1.0,0.0,0.25,88.0,0.0,0.0,0.0,0.0,0.0,0,R
592205,7.0,0.0,0.25,88.0,-4.7690477,0.0,0.0,0.0,0.0,0,R
687567,3.8,0.0,0.25,88.0,-4.278607,0.6,0.6,0.0,0.0,0,R
678803,3.8,0.0,0.25,88.0,-0.21943112,0.6,0.6,0.0,0.0,0,R
656364,3.8,0.0,0.25,88.0,0.0,0.6,0.6,0.0,0.0,0,L
642423,8.0,0.75,0.25,88.0,2.9060154,1.0,1.0,0.0,0.6,1,L
670870,4.0,0.0,0.25,88.0,0.0,0.0,0.0,0.0,0.0,0,L
657129,4.0,1.0,0.25,88.0,-19.784735,0.5,0.5,0.0,0.5,0,R
680396,5.0,0.0,0.25,88.0,-8.267782,0.0,0.0,0.0,0.0,0,R
691949,3.8,0.3,0.25,88.0,0.0,0.6,0.6,0.26,0.26,0,R
689651,3.8,0.3,0.25,88.0,-14.8307705,0.6,0.6,0.26,0.26,0,R
671250,3.0,0.0,0.25,88.0,0.0,0.0,0.0,0.0,0.0,0,R
702416,3.8,0.0,0.25,88.0,0.0,0.6,0.6,0.0,0.0,0,R
694199,3.8,0.3,0.25,88.0,-11.47293,0.6,0.6,0.26,0.26,0,L
606299,2.6666667,0.6666667,0.25,88.0,0.0,0.6666666666666666,0.6666666666666666,0.0,0.6666666666666666,0,R
683469,3.8,0.0,0.25,88.0,-13.055351,0.6,0.6,0.0,0.0,0,R
691623,3.8,0.3,0.25,88.0,0.0,0.6,0.6,0.26,0.26,0,R
701778,3.8,0.0,0.25,88.0,0.0,0.6,0.6,0.0,0.0,0,R
678636,6.6666665,0.0,0.25,88.0,-2.8743382,0.0,0.0,0.0,0.0,0,L
800145,3.8,0.0,0.25,88.0,-6.0514336,0.6,0.6,0.0,0.0,0,R
670427,10.0,0.0,0.25,88.0,-5.7438955,0.0,0.0,0.0,0.0,0,R
686843,3.8,0.3,0.25,88.0,0.0,0.6,0.6,0.26,0.26,0,R
685328,3.8,0.0,0.25,88.0,-6.821212,0.6,0.6,0.0,0.0,0,L
650506,2.0,0.0,0.25,88.0,0.0,0.0,0.0,0.0,0.0,0,R
683341,2.0,0.5,0.25,88.0,0.0,1.0,1.0,0.0,1.0,1,L
643271,4.0,0.0,0.25,88.0,-4.196966,0.0,0.0,0.0,0.0,0,R
534606,13.0,0.0,0.25,88.0,-7.042798,0.0,0.0,0.0,0.0,0,R
606993,7.25,0.42857143,0.25,88.0,-4.8342767,0.5,0.5,0.0,0.3333333333333333,0,R
658069,16.0,0.0,0.25,88.0,74.41311,0.0,0.0,0.0,0.16666666666666666,0,R
592567,5.6666665,0.33333334,0.25,88.0,0.0,0.3333333333333333,0.3333333333333333,0.0,0.125,0,L
608577,3.6666667,0.4,0.25,88.0,-5.5846925,0.3333333333333333,0.3333333333333333,0.0,0.5,0,L
643603,17.0,0.0,0.25,88.0,-0.2923581,0.0,0.0,0.0,0.0,0,R
622100,7.6666665,0.0,0.25,88.0,0.0,0.0,0.0,0.0,0.0,0,R
642221,3.8,0.0,0.25,88.0,0.0,0.6,0.6,0.0,0.0,0,L
682109,1.0,1.0,0.25,88.0,0.65222037,1.0,1.0,0.0,0.5,1,L
621453,9.2,0.2857143,0.25,88.0,-2.4426367,0.2,0.2,0.0,0.14285714285714285,0,L
682725,3.8,0.0,0.25,88.0,-4.783213,0.6,0.6,0.0,0.0,0,L
680963,3.8,0.3,0.25,88.0,-15.518835,0.6,0.6,0.26,0.26,0,R
702292,1.0,0.5,0.25,88.0,-6.4893928,1.0,1.0,0.0,0.5,1,L
693309,3.8,0.3,0.25,88.0,0.0,0.6,0.6,0.26,0.26,0,L
665138,5.0,0.33333334,0.25,88.0,0.0,0.0,0.0,0.5,0.0,0,L
605512,3.8,0.3,0.25,88.0,0.0,0.6,0.6,0.26,0.26,0,L
682452,3.8,0.0,0.25,88.0,4.193173,0.6,0.6,0.0,0.0,0,L
658652,3.8,0.3,0.25,88.0,-6.875274,0.6,0.6,0.26,0.26,0,R
621005,5.25,0.25,0.25,88.0,0.0,0.5,0.5,0.5,0.09090909090909091,2,R
687044,3.8,0.0,0.25,88.0,0.0,0.6,0.6,0.0,0.0,0,L
676198,4.0,0.0,0.25,88.0,0.0,0.0,0.0,0.0,0.0,0,R
592261,1.5,1.0,0.25,88.0,0.0,1.0,1.0,0.0,1.0,2,R
694230,4.0,0.0,0.25,88.0,0.0,0.0,0.0,0.0,0.0,0,L
641385,2.6666667,0.0,0.25,88.0,0.0,0.0,0.0,0.0,0.0,0,L
672361,3.8,0.3,0.25,88.0,-0.552954,0.6,0.6,0.26,0.26,0,L
683013,6.0,0.0,0.25,88.0,-5.8882356,0.0,0.0,0.0,0.0,0,R
668698,3.8,0.3,0.25,88.0,0.0,0.6,0.6,0.26,0.26,0,R
694202,3.0,0.0,0.25,88.0,-5.7705884,0.0,0.0,0.0,0.0,0,R
656695,8.666667,0.0,0.25,88.0,-5.0749393,0.0,0.0,0.0,0.0,0,L
703939,4.0,0.0,0.25,88.0,-5.435399,0.0,0.0,0.0,0.0,0,L
677928,2.5,0.0,0.25,88.0,3.8733335,0.0,0.0,0.0,0.0,0,R
666712,5.0,0.0,0.25,88.0,-6.08679,0.0,0.0,0.0,0.0,0,R
514917,9.5,0.2,0.25,77.47143,-2.9820538,0.25,0.25,0.0,0.125,0,R
688869,8.2,0.5,0.25,88.0,0.07488924,0.4,0.4,0.0,0.3333333333333333,0,L
676004,2.0,1.0,0.25,88.0,0.0,0.5,0.5,0.0,0.3333333333333333,1,R
667351,1.0,1.0,0.25,88.0,3.529127,1.0,1.0,0.0,1.0,1,R
691403,3.8,0.0,0.25,88.0,0.0,0.6,0.6,0.0,0.0,0,L
666161,3.8,0.3,0.25,88.0,10.037378,0.6,0.6,0.26,0.26,0,R
676002,3.8,0.3,0.25,88.0,0.0,0.6,0.6,0.26,0.26,0,R
805834,3.8,1.0,0.25,88.0,0.0,0.6,0.6,0.0,0.5,0,L
657510,3.5,0.25,0.25,88.0,-7.6808205,0.5,0.5,0.0,0.25,1,R
678841,3.8,0.0,0.25,88.0,0.0,0.6,0.6,0.0,0.0,0,R
620442,2.0,1.0,0.25,88.0,7.5570683,1.0,1.0,0.0,1.0,1,R
800506,3.8,0.0,0.25,88.0,0.0,0.6,0.6,0.0,0.0,0,R
678534,3.8,0.3,0.25,88.0,0.0,0.6,0.6,0.26,0.26,0,L
702250,3.8,0.3,0.25,88.0,0.0,0.6,0.6,0.26,0.26,0,L
656734,2.0,0.0,0.25,88.0,0.0,0.0,0.0,0.0,0.0,0,R
800385,3.8,0.3,0.25,88.0,0.0,0.6,0.6,0.26,0.26,0,L
649810,3.8,1.0,0.25,88.0,3.0676472,0.6,0.6,1.0,0.0,0,L
685121,3.8,0.3,0.25,88.0,0.0,0.6,0.6,0.26,0.26,0,R
805268,3.0,1.0,0.25,88.0,-0.9521338,0.5,0.5,1.0,0.0,1,L
693850,6.0,0.0,0.25,88.0,-1.9776577,0.0,0.0,0.0,0.0,0,R
676733,3.8,0.0,0.25,88.0,0.0,0.6,0.6,0.0,0.0,0,L
622700,4.3333335,0.0,0.25,88.0,-0.2519892,0.0,0.0,0.0,0.0,0,R
664966,2.75,0.5,0.25,88.0,20.878342,0.5,0.5,0.5,0.25,0,R
675649,6.0,0.25,0.25,88.0,-1.1454797,0.0,0.0,0.0,0.25,0,L
656568,6.0,0.0,0.25,88.0,-0.09882766,0.0,0.0,0.0,0.0,0,L
670298,12.0,0.25,0.25,81.43636,-3.8812087,0.25,0.25,0.0,0.2222222222222222,0,R
673516,3.8,0.0,0.25,88.0,3.9239504,0.6,0.6,0.0,0.0,0,R
546994,1.0,0.0,0.25,88.0,-9.704885,0.0,0.0,0.0,0.0,0,R
692405,5.5,0.0,0.25,88.0,-0.5637078,0.0,0.0,0.0,0.0,0,R
673476,3.8,0.0,0.25,88.0,-1.6702256,0.6,0.6,0.0,0.0,0,L
668888,3.8,0.0,0.25,88.0,0.0,0.6,0.6,0.0,0.0,0,R
689070,3.0,0.0,0.25,88.0,0.0,0.0,0.0,0.0,0.0,0,L
641938,1.0,0.0,0.25,88.0,0.0,0.0,0.0,0.0,0.0,0,R
686673,3.8,0.0,0.25,88.0,3.0942857,0.6,0.6,0.0,0.0,0,R
687279,3.8,0.0,0.25,88.0,0.0,0.6,0.6,0.0,0.0,0,R
665908,3.8,0.5,0.25,88.0,2.9205883,0.6,0.6,0.0,0.5,0,R
680932,5.0,0.0,0.25,88.0,-13.230222,0.0,0.0,0.0,0.0,0,L
663503,3.8,0.3,0.25,88.0,0.0,0.6,0.6,0.26,0.26,0,L
680631,3.8,0.3,0.25,88.0,0.0,0.6,0.6,0.26,0.26,0,R
668882,1.0,0.33333334,0.25,88.0,-3.9589016,0.5,0.5,0.0,0.3333333333333333,0,R
672596,3.8,0.0,0.25,88.0,0.0,0.6,0.6,0.0,0.0,0,R
642134,2.5,1.0,0.25,88.0,0.0,0.5,0.5,0.0,1.0,0,R
665914,5.5,0.0,0.25,88.0,-5.623077,0.0,0.0,0.0,0.0,0,L
665154,6.8333335,0.54545456,0.25,88.0,11.668182,0.5,0.5,0.3333333333333333,0.4166666666666667,0,L
695554,2.0,0.4,0.25,88.0,0.0,1.0,1.0,0.5,0.3333333333333333,2,L
691919,3.0,0.0,0.25,88.0,-10.747222,0.0,0.0,0.0,0.0,0,L
669377,4.5,0.0,0.25,88.0,-5.5542107,0.0,0.0,0.0,0.0,0,L
683504,3.8,0.3,0.25,88.0,26.833334,0.6,0.6,0.26,0.26,0,R
593528,3.0,0.0,0.25,88.0,-4.1585555,0.0,0.0,0.0,0.0,0,R
800180,3.8,0.0,0.25,88.0,0.0,0.6,0.6,0.0,0.0,0,R
703245,3.0,0.0,0.25,88.0,-19.106977,0.0,0.0,0.0,0.0,0,R
647255,3.0,0.0,0.25,88.0,0.0,0.0,0.0,0.0,0.0,0,R
680709,2.0,0.0,0.25,88.0,-5.888889,0.0,0.0,0.0,0.0,0,L
689288,7.6666665,0.6666667,0.25,88.0,4.031217,0.6666666666666666,0.6666666666666666,0.0,0.4,1,L
674951,3.8,0.0,0.25,88.0,-3.759232,0.6,0.6,0.0,0.0,0,R
676021,3.8,0.5,0.25,88.0,-4.6500006,0.6,0.6,0.0,0.5,0,R
691411,3.8,0.0,0.25,88.0,-3.3957345,0.6,0.6,0.0,0.0,0,L
665776,1.0,0.0,0.25,88.0,0.0,0.0,0.0,0.0,0.0,0,R
676678,5.0,0.0,0.25,88.0,0.981137,0.0,0.0,0.0,0.0,0,L
687470,6.0,0.0,0.25,88.0,-4.9333334,0.0,0.0,0.0,0.0,0,L
641323,3.8,0.3,0.25,88.0,0.0,0.6,0.6,0.26,0.26,0,R
703070,1.0,0.0,0.25,88.0,0.0,0.0,0.0,0.0,0.0,0,L
701106,1.0,0.0,0.25,88.0,0.0,0.0,0.0,0.0,0.0,0,R
674671,2.0,1.0,0.25,88.0,-9.515242,0.5,0.5,0.0,0.3333333333333333,1,R
595943,3.4,0.21428572,0.25,88.0,-4.1442227,0.4,0.4,0.25,0.18181818181818182,0,R
680852,3.8,0.0,0.25,88.0,-4.0195622,0.6,0.6,0.0,0.0,0,L
802018,3.8,0.3,0.25,88.0,0.0,0.6,0.6,0.26,0.26,0,R
676847,6.0,0.4,0.25,88.0,0.119083166,1.0,1.0,0.5,0.25,2,L
621002,5.6666665,0.0,0.25,88.0,-1.6544211,0.0,0.0,0.0,0.0,0,R
800683,3.8,0.3,0.25,88.0,0.0,0.6,0.6,0.26,0.26,0,R
804622,3.8,0.0,0.25,88.0,0.0,0.6,0.6,0.0,0.0,0,L
685341,3.8,0.3,0.25,88.0,0.0,0.6,0.6,0.26,0.26,0,R
682621,3.8,1.0,0.25,88.0,8.564226,0.6,0.6,1.0,0.0,0,R
643549,3.8,0.0,0.25,88.0,0.0,0.6,0.6,0.0,0.0,0,R
663891,1.3333334,1.0,0.25,88.0,0.0,0.6666666666666666,0.6666666666666666,0.5,1.0,0,R
622046,4.0,0.0,0.25,88.0,0.0,0.0,0.0,0.0,0.0,0,L
665834,3.8,0.3,0.25,88.0,0.0,0.6,0.6,0.26,0.26,0,L
672635,1.0,1.0,0.25,88.0,0.0,1.0,1.0,0.0,0.5,1,L
641945,3.0,0.6666667,0.25,79.4,7.6023855,0.8333333333333334,0.8333333333333334,1.0,0.5,0,L
804596,3.8,0.0,0.25,88.0,0.0,0.6,0.6,0.0,0.0,0,R
679553,3.8,0.0,0.25,88.0,0.0,0.6,0.6,0.0,0.0,0,R
669069,3.8,0.0,0.25,88.0,-2.1857145,0.6,0.6,0.0,0.0,0,R
687206,3.8,1.0,0.25,88.0,1.5454546,0.6,0.6,0.0,1.0,0,L
670192,3.8,0.0,0.25,88.0,0.0,0.6,0.6,0.0,0.0,0,R
641521,3.0,1.0,0.25,88.0,0.0,0.0,0.0,0.0,0.5,0,R
664762,3.8,0.3,0.25,88.0,0.0,0.6,0.6,0.26,0.26,0,R
681326,3.8,1.0,0.25,88.0,3.7428575,0.6,0.6,0.0,1.0,0,L
606988,4.0,0.0,0.25,88.0,-11.349999,0.0,0.0,0.0,0.0,0,R
669245,6.0,0.25,0.25,88.0,-0.6356493,0.3333333333333333,0.3333333333333333,0.0,0.25,1,L
641552,3.8,0.3,0.25,88.0,9.349999,0.6,0.6,0.26,0.26,0,R
802355,7.0,0.0,0.25,88.0,0.5154954,0.0,0.0,0.0,0.0,0,R
687614,2.5,0.0,0.25,88.0,-0.9425809,0.0,0.0,0.0,0.0,0,L
571431,7.25,0.6666667,0.25,86.73637,3.589888,0.5,0.5,0.25,0.75,0,L
686798,4.0,0.0,0.25,88.0,-7.905466,0.0,0.0,0.0,0.0,0,R
689374,2.0,0.5,0.25,88.0,0.0,0.0,0.0,0.0,0.5,0,R
677570,3.8,0.0,0.25,88.0,-3.967696,0.6,0.6,0.0,0.0,0,L
668577,4.6666665,0.8,0.25,88.0,-3.6833334,0.6666666666666666,0.6666666666666666,0.3333333333333333,0.5,1,R
691905,3.8,0.0,0.25,88.0,-8.59635,0.6,0.6,0.0,0.0,0,R
680421,3.8,0.3,0.25,88.0,0.0,0.6,0.6,0.26,0.26,0,L
593993,2.5,0.0,0.25,88.0,-10.597222,0.0,0.0,0.0,0.0,0,R
691922,3.8,1.0,0.25,88.0,-2.046212,0.6,0.6,0.0,0.5,0,R
800329,3.8,0.0,0.25,88.0,0.0,0.6,0.6,0.0,0.0,0,R
680846,3.0,0.0,0.25,88.0,0.0,0.0,0.0,0.0,0.0,0,R
657010,5.3333335,0.0,0.25,88.0,-3.3707445,0.0,0.0,0.0,0.0,0,R
547172,4.0,0.5,0.25,88.0,11.859459,0.0,0.0,0.25,0.5,0,L
660294,4.8,0.0,0.25,88.0,-1.1263158,0.0,0.0,0.0,0.0,0,L
695770,2.0,0.33333334,0.25,88.0,0.0,1.0,1.0,0.0,0.5,1,L
692497,6.0,0.33333334,0.25,88.0,-4.134524,1.0,1.0,0.0,0.5,1,R
669702,3.5,0.5,0.25,88.0,-7.4538193,0.5,0.5,0.0,1.0,0,R
686659,3.8,0.0,0.25,88.0,-2.7429497,0.6,0.6,0.0,0.0,0,L
665940,1.0,1.0,0.25,88.0,0.0,1.0,1.0,0.5,1.0,2,R
640457,13.0,0.34615386,0.277,81.98182,0.6410179,0.7,0.7,0.3333333333333333,0.25,1,L
547379,12.571428,0.45454547,0.25,83.82143,-1.4315189,0.5714285714285714,0.5714285714285714,0.0,0.22727272727272727,0,R
650619,5.4444447,0.25,0.25,88.0,-5.9058714,0.1111111111111111,0.1111111111111111,0.0,0.1,0,L
622250,3.8,0.3,0.25,88.0,0.0,0.6,0.6,0.26,0.26,0,R
675986,11.210526,0.42307693,0.25,74.90714,-0.5288168,0.3,0.47368421052631576,0.2857142857142857,0.23809523809523808,0,L
602074,12.0,0.35211268,0.26818183,80.55789,-2.1140096,0.5,0.6071428571428571,0.3333333333333333,0.2537313432835821,0,R
543482,4.8,0.2,0.25,79.26363,-0.79353094,0.2,0.2,0.0,0.25,0,R
676625,9.5,0.2857143,0.25,88.0,-1.1996258,0.3333333333333333,0.3333333333333333,0.16666666666666666,0.08333333333333333,0,R
600303,6.8,0.30769232,0.25,79.776924,-1.6307092,0.4,0.4666666666666667,0.0,0.25,0,L
614177,14.181818,0.36666667,0.25,77.64616,-1.9326247,0.5,0.4090909090909091,0.19047619047619047,0.1836734693877551,0,R
571946,3.8,0.0,0.25,88.0,0.0,0.6,0.6,0.0,0.0,0,R
608703,11.0,0.44444445,0.25,81.35,-2.9342313,0.8,0.8,0.42857142857142855,0.125,3,R
571740,5.0,0.0,0.25,88.0,4.524464,0.0,0.0,0.0,0.0,0,L
543333,12.171429,0.37313432,0.25,83.21429,-0.8810154,0.7,0.5714285714285714,0.2727272727272727,0.2625,0,L
641531,11.548388,0.29787233,0.25,76.97857,1.9827305,0.4,0.45161290322580644,0.25,0.18461538461538463,0,R
641553,8.75,0.0,0.25,88.0,-4.2513957,0.0,0.0,0.0,0.0,0,R
680814,13.090909,0.41666666,0.25,88.0,-1.1958139,0.5,0.45454545454545453,0.16666666666666666,0.18518518518518517,0,R
571976,15.0,0.33333334,0.25,79.26,-1.9531114,0.5,0.5384615384615384,0.19444444444444445,0.20588235294117646,0,R
656514,6.8636365,0.35135135,0.25,79.61176,-0.29602396,0.2,0.36363636363636365,0.5,0.25,0,L
542583,12.025,0.33870968,0.25,75.32727,-2.1777363,0.2,0.45,0.27450980392156865,0.22580645161290322,0,R
593643,8.636364,0.29850745,0.239,75.55417,0.55095977,0.3,0.48484848484848486,0.3333333333333333,0.22972972972972974,0,R
572008,9.833333,0.29411766,0.25,63.044445,-3.531527,0.5,0.4166666666666667,0.2857142857142857,0.06666666666666667,3,R
573131,13.043478,0.35135135,0.25,79.99,-1.2262605,0.4,0.4782608695652174,0.2571428571428571,0.18181818181818182,0,R
598265,10.380953,0.23529412,0.25,77.10714,-4.7432528,0.2,0.3333333333333333,0.16666666666666666,0.15584415584415584,0,L
664247,8.833333,0.25,0.25,89.43846,-4.0150986,0.4,0.3888888888888889,0.19230769230769232,0.17647058823529413,0,R
572287,14.181818,0.36842105,0.25,88.0,-0.018414916,0.4,0.38636363636363635,0.2571428571428571,0.1595744680851064,0,R
623507,8.8125,0.3043478,0.25,81.81875,-2.5624645,0.3,0.375,0.2,0.20689655172413793,0,L
656821,8.5,0.11111111,0.25,88.49,-4.2099557,0.25,0.25,0.1111111111111111,0.0,1,R
640449,11.533334,0.32608697,0.25,72.65,-0.6116983,0.2,0.43333333333333335,0.21428571428571427,0.20588235294117646,1,R
605242,3.8,0.0,0.25,88.0,-2.063676,0.6,0.6,0.0,0.0,0,R
443558,10.81132,0.36956522,0.3243,85.45,1.8020495,0.6,0.49056603773584906,0.24705882352941178,0.26865671641791045,0,R
570731,11.237288,0.34736842,0.25453845,85.96364,-1.5889133,0.5,0.4915254237288136,0.2698412698412698,0.2,1,R
444489,11.666667,0.2,0.25,78.48125,0.26613134,0.3333333333333333,0.3333333333333333,0.25,0.0,1,R
518586,3.5,0.0,0.25,88.0,2.8585072,0.0,0.0,0.0,0.0,0,R
596059,10.065574,0.31578946,0.25,88.0,-0.42967206,0.3,0.4262295081967213,0.25,0.2265625,0,L
656403,12.777778,0.3,0.25,84.65833,1.5230521,0.3333333333333333,0.3333333333333333,0.1,0.36363636363636365,1,R
641525,9.575758,0.4047619,0.25,73.671425,-1.3509262,0.4,0.42424242424242425,0.14634146341463414,0.2826086956521739,0,R
669742,12.041667,0.3181818,0.25,80.23125,-1.3945961,0.4,0.5416666666666666,0.3125,0.20408163265306123,0,L
672779,11.044776,0.27741936,0.24171428,77.256,-1.0191872,0.6,0.5671641791044776,0.17647058823529413,0.23809523809523808,0,L
670128,6.6363635,0.3529412,0.25,80.9,-6.8517127,0.4,0.45454545454545453,0.5,0.18181818181818182,0,L
543281,9.976745,0.25609756,0.18866667,84.3421,3.6415777,0.5,0.37209302325581395,0.17543859649122806,0.22807017543859648,0,R
516416,14.852273,0.29694322,0.25,82.37619,-0.8557813,0.7,0.5568181818181818,0.2463768115942029,0.23580786026200873,3,R
543543,10.580646,0.33333334,0.25,80.40667,-0.64855605,0.3,0.5161290322580645,0.5,0.234375,0,L
572816,10.571428,0.30645162,0.25,84.125,-1.5191866,0.8,0.5892857142857143,0.3076923076923077,0.24161073825503357,2,L
644374,10.513514,0.22807017,0.2802,82.71667,0.011655118,0.4,0.43243243243243246,0.20833333333333334,0.1728395061728395,0,R
572041,10.592592,0.23404256,0.3406,85.975,-0.86993134,0.4,0.35185185185185186,0.14864864864864866,0.22857142857142856,0,R
664029,11.75862,0.3809524,0.25,73.61667,-0.011939436,0.2,0.3793103448275862,0.24390243902439024,0.25,0,R
677551,17.00885,0.35526314,0.6067273,89.43889,0.32975167,0.9,0.672566371681416,0.35064935064935066,0.2857142857142857,6,L
656371,10.571428,0.07692308,0.1592,86.67857,-5.166637,0.14285714285714285,0.14285714285714285,0.0,0.05,0,L
592656,13.56,0.36206895,0.25,74.316666,-0.148739,0.4,0.52,0.2222222222222222,0.2807017543859649,0,L
641786,13.35,0.3030303,0.25,84.238464,-1.7194294,0.4,0.45,0.2903225806451613,0.1111111111111111,0,R
641470,5.25,1.0,0.25,88.0,4.9087486,0.5,0.5,0.5,0.0,2,L
622666,15.6,0.36363637,0.25,82.183334,-3.0111804,0.6,0.6,0.4,0.18181818181818182,0,L
501659,9.285714,0.16666667,0.25,87.477776,-3.624493,0.14285714285714285,0.14285714285714285,0.0,0.07692307692307693,0,L
600301,11.15625,0.32,0.25,83.611115,-1.2960708,0.3,0.4375,0.20689655172413793,0.17543859649122806,0,R
607461,8.966666,0.3409091,0.25,77.78667,-0.4255591,0.3,0.4,0.0,0.2727272727272727,0,L
660620,11.625,0.2,0.25,75.76667,-1.0080808,0.4,0.4166666666666667,0.10526315789473684,0.2,1,R
666164,12.9,0.3,0.25,79.725,1.863486,0.3,0.3,0.6666666666666666,0.14285714285714285,0,L
680418,11.0,0.33333334,0.25,74.25455,-1.4643576,0.5,0.5,0.0,0.2,1,R
578570,10.4,0.14285715,0.25,72.72,-1.8875127,0.3,0.3,0.14285714285714285,0.08695652173913043,2,L
666906,14.063829,0.34,0.25,90.90769,-1.9506996,0.7,0.5957446808510638,0.22727272727272727,0.2366412213740458,2,L
594777,15.83721,0.29411766,0.25,82.70625,-1.1281319,0.6,0.5813953488372093,0.20454545454545456,0.24107142857142858,1,L
678545,12.923077,0.36,0.25,84.58889,-1.7635779,0.5,0.46153846153846156,0.2962962962962963,0.2037037037037037,0,R
664057,6.8125,0.26923078,0.25675,80.19546,-7.357652,0.4,0.4375,0.16666666666666666,0.20689655172413793,0,L
425794,2.0,0.0,0.25,88.0,-1.5418848,0.0,0.0,0.0,0.0,0,R
458015,14.621212,0.25,0.25,78.19091,-0.1904616,0.4,0.4393939393939394,0.2127659574468085,0.2,0,L
446334,12.592105,0.35454544,0.191,84.3125,0.8195661,0.5,0.5,0.24752475247524752,0.23148148148148148,2,R
474832,17.349056,0.44805196,0.25,80.76667,1.4477451,0.5,0.6132075471698113,0.2702702702702703,0.25752508361204013,0,L
672478,12.193182,0.3090909,0.25,81.81875,-1.3225313,0.3,0.5,0.21495327102803738,0.24675324675324675,0,R
571980,5.8,0.33333334,0.25,88.0,-5.5248013,0.2,0.2,1.0,0.0,0,L
572204,11.583333,0.29411766,0.25,84.19091,-0.76391953,0.3,0.25,0.10810810810810811,0.20689655172413793,0,R
408234,14.11,0.3526971,0.31758332,91.4375,0.26173905,0.7,0.64,0.27710843373493976,0.2661290322580645,3,R
606132,10.774194,0.3069307,0.25,78.3,0.045131207,0.4,0.43548387096774194,0.10714285714285714,0.248,0,L
488726,14.0,0.30952382,0.30046153,85.86875,0.33511811,0.5,0.5,0.2727272727272727,0.3076923076923077,0,L
676761,8.2,0.2,0.25,73.75,-6.33152,0.2,0.2,0.0,0.07692307692307693,0,L
518626,14.226415,0.17283951,0.25,88.0,-0.708611,0.5,0.4528301886792453,0.2222222222222222,0.16129032258064516,0,R
678706,3.8,0.0,0.25,88.0,0.0,0.6,0.6,0.0,0.0,0,L
701544,3.8,0.3,0.25,88.0,0.0,0.6,0.6,0.26,0.26,0,R
683500,4.0,0.0,0.25,88.0,12.27087,0.25,0.6,0.3333333333333333,0.0,0,R
689858,3.8,0.0,0.25,88.0,4.3465514,0.6,0.6,0.0,0.0,0,R
703612,3.8,0.0,0.25,88.0,0.0,0.6,0.6,0.0,0.0,0,L
671287,3.8,0.3,0.25,88.0,0.0,0.6,0.6,0.26,0.26,0,L
672850,3.8,0.0,0.25,88.0,-1.6727273,0.6,0.6,0.0,0.0,0,R
686490,12.0,0.33333334,0.25,77.4,0.0,0.5,0.6,0.25,0.0,1,R
544725,4.25,0.4,0.25,88.0,0.0,0.75,0.6,0.25,0.3333333333333333,2,L
694200,3.8,0.3,0.25,88.0,0.0,0.6,0.6,0.26,0.26,0,L
688963,3.8,0.0,0.25,88.0,0.0,0.6,0.6,0.0,0.0,0,L
665989,3.8,0.0,0.25,88.0,0.0,0.6,0.6,0.0,0.0,0,R
815151,3.8,0.3,0.25,88.0,0.0,0.6,0.6,0.26,0.26,0,R
802066,3.8,0.3,0.25,88.0,0.0,0.6,0.6,0.26,0.26,0,R
462101,14.280702,0.32014388,0.25,84.80625,-0.2287398,0.7,0.6,0.25,0.2527075812274368,0,R
595956,10.4561405,0.2020202,0.25,75.681816,-4.861619,0.2,0.6,0.14814814814814814,0.12631578947368421,0,R
686977,1.0,1.0,0.25,88.0,0.0,1.0,0.6,0.0,0.5,1,R
689763,3.0,0.0,0.25,88.0,-4.848276,0.0,0.6,0.0,0.0,0,R
695461,3.8,0.0,0.25,88.0,-2.8885057,0.6,0.6,0.0,0.0,0,R
676509,3.8,0.3,0.25,88.0,19.656515,0.6,0.6,0.26,0.26,0,R
701817,3.8,0.3,0.25,88.0,0.0,0.6,0.6,0.26,0.26,0,L
519058,13.513043,0.3390558,0.25,80.53333,-1.1129227,0.3,0.6,0.23076923076923078,0.25517241379310346,0,L
500871,13.04,0.31937173,0.25,80.01538,-1.6721102,0.4,0.6,0.27586206896551724,0.1891891891891892,1,L
663845,14.263158,0.33846155,0.25,80.97059,-0.41486633,0.6,0.6,0.16666666666666666,0.24175824175824176,2,L
806962,3.8,0.3,0.25,88.0,18.64632,0.6,0.6,0.26,0.26,0,R
807746,3.8,0.0,0.25,88.0,0.0,0.6,0.6,0.0,0.0,0,R
685580,2.0,0.0,0.25,88.0,-10.990641,0.0,0.6,0.0,0.0,0,L
669023,8.166667,0.375,0.25,74.36,0.0,0.5,0.6,0.2857142857142857,0.3333333333333333,2,R
665987,4.0,0.0,0.25,88.0,0.0,0.0,0.0,0.0,0.0,0,R
683104,3.8,0.3,0.25,88.0,0.0,0.6,0.6,0.26,0.26,0,R
691003,3.8,0.0,0.25,88.0,-7.504545,0.6,0.6,0.0,0.0,0,L
669336,4.0,0.0,0.25,88.0,0.0,0.0,0.0,0.0,0.0,0,R
687136,9.0,0.0,0.25,88.0,0.0,0.0,0.6,0.0,0.0,0,R
703766,3.8,0.0,0.25,88.0,-8.212625,0.6,0.6,0.0,0.0,0,R
668667,3.8,0.0,0.25,88.0,-8.468902,0.6,0.6,0.0,0.0,0,L
672832,3.8,0.0,0.25,88.0,0.0,0.6,0.6,0.0,0.0,0,R
685300,3.8,0.3,0.25,88.0,0.0,0.6,0.6,0.26,0.26,0,L
699082,4.3333335,0.0,0.25,88.0,-4.4354153,0.0,0.6,0.0,0.0,0,R
674646,3.5,1.0,0.25,88.0,0.0,0.5,0.0,0.5,0.0,0,L
621450,1.5,0.5,0.25,88.0,0.0,0.5,0.6,0.0,0.5,0,R
673901,3.8,0.0,0.25,88.0,0.0,0.6,0.6,0.0,0.0,0,R
680672,1.6666666,0.0,0.25,88.0,-2.0037975,0.0,0.6,0.0,0.0,0,L
685277,3.8,0.0,0.25,88.0,0.0,0.6,0.6,0.0,0.0,0,R
687731,3.8,0.0,0.25,88.0,0.0,0.6,0.6,0.0,0.0,0,R
684576,9.0,0.0,0.25,88.0,-4.7851315,0.0,0.6,0.0,0.0,0,R
656669,10.315789,0.34042552,0.25,80.4,-1.0985795,0.2,1.0,0.23529411764705882,0.21428571428571427,1,R
701634,2.0,0.5,0.25,88.0,0.0,1.0,0.6,0.0,1.0,1,R
668876,4.0,0.0,0.25,88.0,0.0,0.0,0.0,0.0,0.0,0,R
686863,3.8,0.3,0.25,88.0,0.0,0.6,0.6,0.26,0.26,0,R
692568,2.0,0.0,0.25,88.0,-7.639659,0.0,0.6,0.0,0.0,0,R
680693,6.0,0.0,0.25,88.0,1.1918182,0.0,0.0,0.0,0.0,0,L
807751,3.8,0.3,0.25,88.0,0.0,0.6,0.6,0.26,0.26,0,L
687588,1.0,0.0,0.25,88.0,0.0,0.0,0.6,0.0,0.0,0,L
699144,3.8,0.0,0.25,88.0,6.4778304,0.6,0.6,0.0,0.0,0,L
806964,3.8,0.3,0.25,88.0,0.0,0.6,0.6,0.26,0.26,0,R
678285,8.0,0.0,0.25,88.0,0.0,0.0,0.6,0.0,0.0,0,R
683091,3.8,0.0,0.25,88.0,0.0,0.6,0.6,0.0,0.0,0,R
687608,3.0,1.0,0.25,88.0,2.8465116,0.6666666666666666,0.5,0.0,0.5,1,R
801076,3.8,0.3,0.25,88.0,0.0,0.6,0.6,0.26,0.26,0,R
676332,3.8,0.3,0.25,88.0,0.0,0.6,0.6,0.26,0.26,0,R
679751,3.8,0.3,0.25,88.0,0.0,0.6,0.6,0.26,0.26,0,R
663727,3.8,0.0,0.25,88.0,0.0,0.6,0.6,0.0,0.0,0,R
668756,3.5,0.5,0.25,88.0,0.0,0.25,0.6,0.0,0.3333333333333333,0,L
621008,3.0,0.0,0.25,88.0,-0.96422154,0.0,0.6,0.0,0.0,0,R
695358,3.8,0.3,0.25,88.0,0.0,0.6,0.6,0.26,0.26,0,L
677049,3.8,0.0,0.25,88.0,0.0,0.6,0.6,0.0,0.0,0,L
687005,3.8,0.3,0.25,88.0,0.0,0.6,0.6,0.26,0.26,0,R
690904,1.0,0.0,0.25,88.0,0.0,0.0,0.0,0.0,0.0,0,R
700840,3.8,0.0,0.25,88.0,0.0,0.6,0.6,0.0,0.0,0,R
678893,3.8,0.0,0.25,88.0,0.0,0.6,0.6,0.0,0.0,0,L
666783,3.0,0.0,0.25,88.0,0.0,0.0,0.6,0.0,0.0,0,R
678006,3.8,1.0,0.25,88.0,5.885772,0.6,0.6,0.0,1.0,0,L
703920,3.0,0.0,0.25,88.0,0.0,0.0,0.6,0.0,0.0,0,R
656024,8.208333,0.29032257,0.18563636,84.706665,-2.8577912,0.4,0.6,0.36363636363636365,0.17142857142857143,0,R
669413,1.0,0.0,0.25,88.0,0.0,0.0,0.6,0.0,0.0,0,L
691370,3.8,0.3,0.25,88.0,-9.326881,0.6,0.6,0.26,0.26,0,R
688682,4.0,0.0,0.25,88.0,0.0,0.0,0.6,0.0,0.0,0,R
679754,3.3333333,0.33333334,0.25,88.0,-1.4255083,0.3333333333333333,0.6,0.0,0.4,0,L
570481,5.0,0.42857143,0.25,88.0,0.0,0.6666666666666666,1.0,0.3333333333333333,0.2777777777777778,1,R
669945,4.0,0.0,0.25,88.0,4.1142216,0.0,0.6,0.0,0.0,0,L
605548,5.0,0.6666667,0.25,88.0,-8.721617,0.16666666666666666,0.0,1.0,0.1111111111111111,0,L
657709,5.0,0.16666667,0.25,88.0,-3.6151812,0.14285714285714285,1.0,0.0,0.125,1,L
803033,3.8,0.0,0.25,88.0,0.0,0.6,0.6,0.0,0.0,0,L
691797,3.8,0.0,0.25,88.0,0.0,0.6,0.6,0.0,0.0,0,R
681580,7.5,0.5,0.25,88.0,-2.730745,0.5,0.6,0.0,0.5,1,L
694420,3.8,0.3,0.25,88.0,0.0,0.6,0.6,0.26,0.26,0,L
683539,11.5,0.6666667,0.25,88.0,-13.206659,1.0,1.0,0.5,0.5,2,L
805280,3.8,0.0,0.25,88.0,-5.4706826,0.6,0.6,0.0,0.0,0,L
641505,13.942857,0.4489796,0.25,74.7,0.9289744,0.5,0.6,0.4375,0.2125,0,R
670237,1.6666666,0.25,0.25,88.0,0.0,0.0,0.0,0.0,0.2,0,R
669471,10.5,0.2857143,0.25,88.0,-3.9224243,0.25,1.0,0.0,0.18181818181818182,1,R
680643,3.0,0.5,0.25,88.0,4.313958,1.0,1.0,0.0,0.5,1,R
686759,9.888889,0.32,0.25,84.2875,-4.4894333,0.3,0.6,0.18181818181818182,0.2,0,R
661733,5.1666665,0.33333334,0.25,88.0,-2.8102834,0.16666666666666666,0.0,0.0,0.2,0,R
685084,3.8,-0.0,0.25,88.0,31.595901,0.6,0.6,0.0,1.0,0,R
800306,3.8,0.3,0.25,88.0,0.0,0.6,0.6,0.26,0.26,0,L
694181,7.5,0.0,0.25,88.0,-2.45215,0.0,0.6,0.0,0.0,0,L
678828,3.8,0.0,0.25,88.0,0.0,0.6,0.6,0.0,0.0,0,R
687833,6.0,0.0,0.25,88.0,-3.8880002,0.0,0.6,0.0,0.0,0,L
692416,3.8,0.3,0.25,88.0,-6.2534556,0.6,0.6,0.26,0.26,0,R
676423,8.0,0.6666667,0.25,88.0,-4.168172,1.0,1.0,0.0,0.6666666666666666,2,R
694812,1.0,0.0,0.25,88.0,0.0,0.0,0.6,0.0,0.0,0,L
687981,3.8,0.0,0.25,88.0,0.0,0.6,0.6,0.0,0.0,0,R
656495,9.157895,0.27272728,0.25,81.10588,-3.4173427,0.4,0.6,0.2,0.18181818181818182,1,R
691858,3.8,0.0,0.25,88.0,-6.4331255,0.6,0.6,0.0,0.0,0,R
666183,2.5,0.0,0.25,88.0,0.0,0.0,0.0,0.0,0.0,0,L
694368,9.333333,0.6666667,0.25,88.0,0.0,0.3333333333333333,0.3333333333333333,0.5,0.0,0,R
700731,3.8,0.0,0.25,88.0,-1.2624156,0.6,0.6,0.0,0.0,0,L
689141,3.8,0.0,0.25,88.0,-4.7962837,0.6,0.6,0.0,0.0,0,L
702409,1.0,0.0,0.25,88.0,0.0,0.0,0.0,0.0,0.0,0,L
680722,3.8,0.0,0.25,88.0,0.0,0.6,0.6,0.0,0.0,0,R
672357,3.8,0.3,0.25,88.0,0.0,0.6,0.6,0.26,0.26,0,R
606019,3.5,0.33333334,0.25,88.0,7.114706,0.5,0.5,0.0,0.5,1,L
668824,2.5,1.0,0.25,88.0,0.0,0.5,0.0,0.0,1.0,0,L
667372,3.8,0.0,0.25,88.0,0.3990371,0.6,0.6,0.0,0.0,0,R
692190,3.8,0.0,0.25,88.0,-1.6695234,0.6,0.6,0.0,0.0,0,R
663979,3.8,0.0,0.25,88.0,0.0,0.6,0.6,0.0,0.0,0,R
670113,5.0,0.0,0.25,88.0,-3.5492706,0.16666666666666666,0.0,0.2,0.0,0,R
701655,3.8,0.0,0.25,88.0,0.0,0.6,0.6,0.0,0.0,0,R
694930,10.0,0.0,0.25,88.0,-10.914887,0.0,0.0,0.0,0.0,0,L
671271,3.0,0.5,0.25,88.0,0.0,0.5,0.5,0.0,0.3333333333333333,1,L
694976,3.8,0.0,0.25,88.0,-5.7468915,0.6,0.6,0.0,0.0,0,L
699097,5.0,0.0,0.25,88.0,-6.1879406,0.0,0.6,0.0,0.0,0,R
702283,4.0,0.0,0.25,88.0,-8.882652,0.0,0.6,0.0,0.0,0,L
681468,3.8,0.0,0.25,88.0,-0.23571429,0.6,0.6,0.0,0.0,0,L
642021,3.0,0.5,0.25,88.0,0.0,0.3333333333333333,0.0,0.0,0.5,0,R
671088,5.6666665,0.0,0.25,88.0,-7.093286,0.0,0.0,0.0,0.0,0,L
683447,5.0,0.0,0.25,88.0,1.7923583,0.0,0.0,0.0,0.0,0,R
681439,3.8,0.0,0.25,88.0,0.0,0.6,0.6,0.0,0.0,0,R
691726,3.8,0.0,0.25,88.0,0.0,0.6,0.6,0.0,0.0,0,R
677599,3.5,0.0,0.25,88.0,1.4167061,0.0,0.0,0.0,0.0,0,R
683485,4.0,0.0,0.25,88.0,0.0,0.0,0.6,0.0,0.0,0,R
690983,3.8,0.3,0.25,88.0,0.0,0.6,0.6,0.26,0.26,0,R
671956,3.8,0.0,0.25,88.0,0.0,0.6,0.6,0.0,0.0,0,L
661411,1.0,0.0,0.25,88.0,-3.7211862,0.0,0.0,0.0,0.0,0,R
541650,4.2,1.0,0.25,88.0,-0.17139994,0.6,1.0,0.6666666666666666,0.3333333333333333,3,R
676309,3.8,0.0,0.25,88.0,-4.636809,0.6,0.6,0.0,0.0,0,L
804710,4.0,0.0,0.25,88.0,-0.9097278,0.0,0.0,0.0,0.0,0,L
703185,2.5,0.0,0.25,88.0,0.0,0.0,0.0,0.0,0.5,0,L
696521,5.25,0.2,0.25,88.0,-1.1449883,0.25,1.0,0.5,0.0,1,L
678760,2.6666667,0.0,0.25,88.0,-4.532082,0.0,0.0,0.0,0.0,0,R
694292,3.8,0.0,0.25,88.0,0.0,0.6,0.6,0.0,0.0,0,R
596847,13.318182,0.22580644,0.25,88.0,-0.9646359,0.1,0.0,0.16,0.1702127659574468,0,L
543939,11.573033,0.24848485,0.25,77.01538,-1.9869047,0.3,0.0,0.13333333333333333,0.19811320754716982,0,L
670351,4.5,0.6666667,0.25,88.0,-2.5775506,0.5,0.5,0.0,0.5,0,L
675656,10.773585,0.33333334,0.25,83.96923,-0.32358593,0.4,1.0,0.2708333333333333,0.18811881188118812,2,R
543068,15.083333,0.3618421,0.25,77.68235,-0.92824024,0.5,0.6,0.26666666666666666,0.26842105263157895,0,R
800060,3.8,0.0,0.25,88.0,0.0,0.6,0.6,0.0,0.0,0,L
642336,12.448979,0.30476192,0.26515386,79.56923,-0.4217696,0.5,0.0,0.21428571428571427,0.24806201550387597,0,L
668833,3.0,1.0,0.25,88.0,-5.2399864,0.0,0.6,0.0,0.5,0,L
643348,6.5,1.0,0.25,88.0,-2.7930508,0.3333333333333333,0.6,0.0,0.4,0,R
687020,10.0,1.0,0.25,88.0,-13.925512,1.0,0.6,0.0,0.2,1,R
656666,3.4,0.6666667,0.25,88.0,0.0,0.2,0.0,0.0,0.4,0,L
688714,1.0,0.0,0.25,88.0,-8.618139,0.0,0.6,0.0,0.0,0,R
690969,11.0,0.0,0.25,88.0,-3.0332341,0.0,0.0,0.0,0.0,0,L
668787,3.0,0.0,0.25,88.0,4.4434094,0.0,0.0,0.0,0.0,0,L
680906,3.8,0.0,0.25,88.0,-7.210648,0.6,0.6,0.0,0.0,0,L
665912,3.8,0.0,0.25,88.0,0.0,0.6,0.6,0.0,0.0,0,R
676155,3.8,0.0,0.25,88.0,-1.5640888,0.6,0.6,0.0,0.0,0,L
691002,1.0,0.5,0.25,88.0,-5.0762854,1.0,1.0,0.0,0.3333333333333333,1,R
681540,5.5,1.0,0.25,88.0,-2.198532,0.0,0.0,1.0,0.0,0,R
680756,3.8,-0.0,0.25,88.0,0.0,0.6,0.6,0.0,1.0,0,R
696020,3.8,0.0,0.25,88.0,-4.392512,0.6,0.6,0.0,0.0,0,L
671113,5.0,1.0,0.25,88.0,0.0,1.0,0.6,0.0,1.0,1,R
676473,7.6666665,0.33333334,0.25,88.0,0.33279586,0.3333333333333333,0.6,0.5,0.0,0,R
688907,4.0,0.0,0.25,88.0,1.1091892,0.0,0.6,0.0,0.0,0,L
678837,3.0,0.0,0.25,88.0,-0.32847682,0.0,0.0,0.0,0.0,0,R
681679,1.0,0.5,0.25,88.0,4.6875,0.0,0.6,0.0,0.5,0,R
692422,3.0,0.0,0.25,88.0,-4.2794952,0.0,0.6,0.0,0.0,0,L
805168,3.8,0.0,0.25,88.0,0.0,0.6,0.6,0.0,0.0,0,L
678689,5.8,0.25,0.25,88.0,0.0,0.2,0.0,0.0,0.16666666666666666,0,R
813860,2.5,-0.0,0.25,88.0,12.557333,0.5,0.5,1.0,0.0,0,L
685096,2.6666667,1.0,0.25,88.0,0.0,0.0,0.6,0.0,0.25,0,R
700341,3.8,0.3,0.25,88.0,0.0,0.6,0.6,0.26,0.26,0,R
809846,3.0,0.0,0.25,88.0,-4.748077,0.0,0.0,0.0,0.0,0,L
676857,3.8,1.0,0.25,88.0,0.0,0.6,0.6,0.0,1.0,0,R
809945,3.8,0.3,0.25,88.0,0.0,0.6,0.6,0.26,0.26,0,L
802991,2.0,0.33333334,0.25,88.0,0.0,0.3333333333333333,1.0,0.0,0.25,1,R
699114,4.0,0.0,0.25,88.0,0.0,0.0,0.0,0.0,0.0,0,R
691283,3.8,1.0,0.25,88.0,0.0,0.6,0.6,0.0,1.0,0,L
814816,3.8,0.3,0.25,88.0,0.0,0.6,0.6,0.26,0.26,0,R
686677,4.0,0.0,0.25,88.0,0.0,0.0,0.0,0.0,0.0,0,R
680771,3.8,0.0,0.25,88.0,-4.3541255,0.6,0.6,0.0,0.0,0,R
691708,7.0,0.0,0.25,88.0,-1.564101,0.0,0.0,0.0,0.0,0,R
700936,2.0,0.0,0.25,88.0,3.7216678,0.0,0.6,0.0,0.0,0,L
621433,11.733334,0.34375,0.25,74.48,-2.7040813,0.5,1.0,0.1111111111111111,0.1935483870967742,1,L
691710,3.8,0.0,0.25,88.0,0.20237741,0.6,0.6,0.0,0.0,0,L
666133,1.0,0.0,0.25,88.0,-6.430321,0.0,0.0,0.0,0.0,0,L
665922,3.8,0.0,0.25,88.0,-1.932091,0.6,0.6,0.0,0.0,0,L
545350,9.0,0.3773585,0.25,75.60833,-0.73647517,0.5,0.0,0.2727272727272727,0.23529411764705882,0,R
686577,3.8,0.0,0.25,88.0,1.4644551,0.6,0.6,0.0,0.0,0,R
546990,3.8,0.0,0.25,88.0,0.0,0.6,0.6,0.0,0.0,0,R
621532,7.3,0.16666667,0.25,75.04375,-2.487709,0.3,0.0,0.0,0.21428571428571427,0,L
687331,3.8,0.3,0.25,88.0,0.0,0.6,0.6,0.26,0.26,0,R
694351,3.8,0.0,0.25,88.0,-0.41626668,0.6,0.6,0.0,0.0,0,L
688392,3.0,0.0,0.25,88.0,0.0,0.0,0.6,0.0,0.0,0,L
679545,4.5,0.0,0.25,88.0,2.3454618,0.0,0.0,0.0,0.0,0,R
605421,6.5555553,0.53846157,0.25,81.308334,9.723074,0.4444444444444444,0.6666666666666666,0.0,0.5384615384615384,2,L
695312,1.0,0.0,0.25,88.0,6.636364,0.0,0.0,0.0,0.0,0,R
815842,3.8,1.0,0.25,88.0,48.117332,0.6,0.6,0.0,1.0,0,R
677356,2.0,0.0,0.25,88.0,-9.016584,0.0,0.0,0.0,0.0,0,L
681357,12.0,0.25,0.25,78.87273,-1.1395555,0.0,0.0,0.0,0.25,0,L
691369,1.0,0.0,0.25,88.0,0.0,0.0,0.6,0.0,0.0,0,R
685127,8.0,1.0,0.25,88.0,-2.7,1.0,0.6,0.0,1.0,1,L
546991,11.0,0.33333334,0.25,88.0,0.87444496,0.0,0.0,0.5,0.0,0,R
691267,3.8,0.0,0.25,88.0,-5.465753,0.6,0.6,0.0,0.0,0,R
670768,6.6666665,0.4,0.25,88.0,0.26263857,0.3333333333333333,0.3333333333333333,0.3333333333333333,0.3333333333333333,1,L
592622,5.5,0.25,0.25,88.0,-6.537224,0.5,0.5,0.0,0.2,1,L
682239,3.8,0.0,0.25,88.0,-2.3429794,0.6,0.6,0.0,0.0,0,R
572228,12.25,0.41463414,0.25,86.064285,1.1181482,0.4,0.0,0.1111111111111111,0.3181818181818182,0,R
642165,5.0,0.33333334,0.25,88.0,7.698414,0.5,0.6,0.25,0.25,1,L
691775,3.8,0.0,0.25,88.0,-1.448416,0.6,0.6,0.0,0.0,0,L
682191,3.8,0.0,0.25,88.0,0.0,0.6,0.6,0.0,0.0,0,R
666140,3.5,0.0,0.25,88.0,-2.5775304,0.0,0.0,0.0,0.0,0,R
695013,3.8,0.0,0.25,88.0,-2.8128788,0.6,0.6,0.0,0.0,0,L
806267,3.8,0.0,0.25,88.0,-1.9617641,0.6,0.6,0.0,0.0,0,R
669227,3.8,1.0,0.25,88.0,1.4215517,0.6,0.6,0.0,1.0,0,R
689047,5.0,0.0,0.25,88.0,-0.0890411,0.0,0.0,0.0,0.0,0,L
676288,3.0,0.0,0.25,88.0,0.41810322,0.0,0.6,0.0,0.0,0,L
676939,5.6666665,0.33333334,0.25,88.0,-1.8568888,0.3333333333333333,0.6,0.0,0.3333333333333333,0,R
692412,3.8,0.3,0.25,88.0,0.0,0.6,0.6,0.26,0.26,0,R
685392,4.0,1.0,0.25,88.0,17.008907,1.0,1.0,0.0,1.0,1,R
684543,1.0,-0.0,0.25,88.0,-3.525138,0.0,0.0,0.0,0.5,0,R
665482,3.3333333,0.0,0.25,88.0,-6.6181817,0.0,0.0,0.0,0.0,0,R
680799,4.4,1.0,0.25,88.0,0.0,0.4,0.0,0.0,0.5,0,L
801740,3.8,0.0,0.25,88.0,-4.9720902,0.6,0.6,0.0,0.0,0,L
815694,3.8,0.0,0.25,88.0,3.8654087,0.6,0.6,0.0,0.0,0,R
664120,5.25,0.6666667,0.25,88.0,-3.8888946,0.25,0.3333333333333333,0.0,0.5,1,R
571875,11.583333,0.2682927,0.25,77.65,3.9729636,0.3,0.0,0.0,0.20967741935483872,0,L
686546,6.0,0.0,0.25,88.0,11.587364,0.5,0.0,0.0,0.3333333333333333,0,R
800343,3.8,0.0,0.25,88.0,-0.85007286,0.6,0.6,0.0,0.0,0,R
688507,3.0,0.0,0.25,88.0,0.0,0.0,0.6,0.0,0.0,0,R
684519,7.0,0.5,0.25,88.0,0.020181552,0.5,0.5,0.0,0.3333333333333333,0,R
676045,4.0,0.0,0.25,88.0,-7.535714,0.0,0.0,0.0,0.0,0,R
800209,3.8,0.0,0.25,88.0,-13.060681,0.6,0.6,0.0,0.0,0,L
800316,3.8,0.0,0.25,88.0,-4.503826,0.6,0.6,0.0,0.0,0,R
695587,1.0,0.5,0.25,88.0,0.0,0.5,0.5,0.0,0.3333333333333333,0,L
671913,8.0,0.0,0.25,88.0,21.90904,0.0,0.0,0.25,0.0,0,R
703149,18.0,1.0,0.25,88.0,5.698821,1.0,1.0,1.0,0.5,1,R
683007,3.8,0.0,0.25,88.0,-10.3634615,0.6,0.6,0.0,0.0,0,R
682090,7.0,0.0,0.25,88.0,-0.56689775,0.0,0.0,0.0,0.0,0,R
660829,3.857143,0.5833333,0.25,88.0,0.052881718,0.7142857142857143,0.75,0.0,0.6363636363636364,0,L
680273,3.8,-0.0,0.25,88.0,14.630864,0.6,0.6,0.0,1.0,0,L
679938,3.2,0.4,0.25,88.0,-4.0136814,0.2,0.25,0.5,0.25,0,L
691503,1.5,0.6666667,0.25,88.0,8.409722,0.5,0.0,0.0,0.5,0,R
801501,3.8,0.0,0.25,88.0,10.40625,0.6,0.6,0.0,0.0,0,L
676628,6.75,0.45454547,0.25,85.85,0.22808105,0.375,0.25,0.5,0.25,0,L
681831,6.3333335,0.0,0.25,88.0,-4.34375,0.0,0.0,0.0,0.0,0,L
609274,1.0,0.0,0.25,88.0,-5.424158,0.0,0.0,0.0,0.0,0,R
680971,2.6666667,1.0,0.25,88.0,-5.0470586,0.0,0.0,0.0,0.5,0,R
680683,5.0,0.8,0.25,88.0,7.8222218,0.5,0.0,1.0,0.5,0,L
806639,3.8,0.0,0.25,88.0,-7.7785716,0.6,0.6,0.0,0.0,0,R
678863,1.0,0.0,0.25,88.0,0.0,0.0,0.0,0.0,0.0,0,R
665888,3.8,1.0,0.25,88.0,3.342857,0.6,0.6,1.0,0.0,0,R
678413,3.8,0.0,0.25,88.0,-7.9142857,0.6,0.6,0.0,0.0,0,R
800597,8.0,0.0,0.25,88.0,-0.9636725,0.0,0.0,0.0,0.0,0,R
685388,3.8,0.0,0.25,88.0,-4.6904764,0.6,0.6,0.0,0.0,0,L
683735,5.375,0.5714286,0.25,88.0,4.3272915,0.5,0.6666666666666666,0.0,0.4,1,R
659359,3.8,0.0,0.25,88.0,-3.589558,0.6,0.6,0.0,0.0,0,L
680719,1.0,1.0,0.25,88.0,-5.9175,1.0,0.6,0.0,0.5,1,R
681371,10.0,0.0,0.25,88.0,0.021766543,0.0,0.6,0.0,0.0,0,R
682187,4.8,0.0,0.25,88.0,-3.1790528,0.0,0.0,0.0,0.0,0,L
703197,1.0,0.0,0.25,88.0,-3.3512883,0.0,0.6,0.0,0.0,0,R
668929,5.3333335,0.5,0.25,88.0,1.6396227,0.3333333333333333,0.6,1.0,0.0,1,L
800543,2.5,0.0,0.25,88.0,-8.480573,0.0,0.0,0.0,0.0,0,L
692044,3.0,0.0,0.25,88.0,-7.1334114,0.0,0.0,0.0,0.0,0,L
680918,3.8,0.3,0.25,88.0,-0.3425926,0.6,0.6,0.26,0.26,0,R
689750,3.25,0.6,0.25,88.0,0.0,1.0,1.0,1.0,0.375,4,R
699126,2.5,0.4,0.25,88.0,-4.4762263,0.3333333333333333,0.0,0.0,0.3333333333333333,0,R
467055,4.75,0.5,0.25,88.0,-0.23206592,0.75,0.75,0.6666666666666666,0.2857142857142857,3,L
681538,3.0,0.5,0.25,88.0,17.220371,1.0,1.0,0.0,0.5,1,R
685298,7.5,0.5,0.25,88.0,-2.7017207,0.5,0.0,1.0,0.2222222222222222,0,L
682631,3.0,0.25,0.25,88.0,-5.368553,0.25,1.0,1.0,0.0,1,R
681868,4.75,0.5,0.25,88.0,0.0,0.5,0.5,0.5,0.25,0,L
675910,4.6666665,0.75,0.25,88.0,2.5633264,1.0,1.0,1.0,0.4,3,R
681317,4.0,0.0,0.25,88.0,-3.0934358,0.0,0.0,0.0,0.0,0,R
668791,4.6,0.6666667,0.25,88.0,3.6390545,0.6,0.6666666666666666,0.5,0.5,0,R
805842,4.3333335,0.0,0.25,88.0,-2.2180953,0.0,0.0,0.0,0.0,0,L
806223,3.8,0.0,0.25,88.0,2.2753415,0.6,0.6,0.0,0.0,0,R
805339,5.0,0.0,0.25,88.0,-4.544083,0.0,0.0,0.0,0.0,0,R
679741,5.75,0.0,0.25,88.0,-4.832214,0.0,0.0,0.0,0.0,0,R
667803,4.0,1.0,0.25,88.0,-3.3083937,1.0,1.0,0.0,0.5,1,L
694271,2.3333333,0.75,0.25,88.0,0.0,0.6666666666666666,0.6666666666666666,1.0,0.5,2,R
543518,3.8,0.0,0.25,88.0,-3.2478447,0.6,0.6,0.0,0.0,0,R
643393,11.930769,0.24675325,0.25,75.55789,-1.20144,0.2,0.0,0.3148148148148148,0.20125786163522014,0,L
665120,13.189655,0.27906978,0.25,88.0,-0.6711158,0.4,0.55,0.16,0.1793103448275862,0,L
607054,12.788079,0.2977941,0.25,75.541176,-1.4954019,0.1,0.25,0.18333333333333332,0.2177650429799427,0,L
664058,10.7027025,0.2857143,0.198,78.57895,-1.5005791,0.7,0.5,0.23076923076923078,0.2602739726027397,1,R
669352,8.047619,0.26785713,0.25,88.0,-0.9324884,0.3,0.2222222222222222,0.16666666666666666,0.17391304347826086,0,R
541645,11.803279,0.27272728,0.4312,82.47083,-2.032314,0.7,0.5,0.2236842105263158,0.15625,0,R
543305,14.846154,0.3187773,0.25,82.145454,0.078464985,0.4,0.38095238095238093,0.2988505747126437,0.21621621621621623,1,L
608596,12.415384,0.41584158,0.25,79.1,0.49820787,0.3,0.5333333333333333,0.29411764705882354,0.2803738317757009,2,R
501303,10.130435,0.29032257,0.25,77.776924,-3.0994527,0.4,0.45454545454545453,0.2,0.18181818181818182,0,R
592348,9.2,0.35,0.25,83.775,-2.3953705,0.2,0.21428571428571427,0.5,0.06666666666666667,0,L
542364,13.641509,0.30107528,0.2932,76.98572,-0.76730406,0.1,0.1111111111111111,0.275,0.18095238095238095,0,L
621563,11.7863245,0.29098362,0.20454545,76.92,-1.1223339,0.4,0.375,0.23076923076923078,0.21548821548821548,0,L
676896,2.0,0.0,0.25,88.0,-5.40413,0.0,0.0,0.0,0.0,0,R
663630,9.188406,0.3617021,0.25,79.39047,-1.2883428,0.4,0.4,0.25,0.2318840579710145,0,R
664314,14.338983,0.31632653,0.25,88.0,-1.1861832,0.2,0.43243243243243246,0.2962962962962963,0.17333333333333334,0,L
663611,11.390625,0.30463576,0.3852,72.325,-0.893836,0.5,0.4166666666666667,0.23684210526315788,0.2701612903225806,0,R
621545,11.1285715,0.42105263,0.25,81.39231,-0.5467619,0.6,0.6,0.3275862068965517,0.23529411764705882,1,R
667428,18.0,0.5,0.25,76.707695,-2.067073,0.5,0.5,0.0,0.16666666666666666,0,R
643265,14.248485,0.36655948,0.25,81.166664,-0.6237669,0.2,0.4358974358974359,0.30201342281879195,0.2297650130548303,1,R
666135,13.267123,0.36923078,0.25,84.595,0.7339191,0.4,0.5254237288135594,0.12280701754385964,0.2727272727272727,0,L
605119,14.514564,0.3575419,0.4348,88.784615,0.43833897,0.2,0.0,0.2,0.23673469387755103,0,R
547989,16.344444,0.3018868,0.33463636,85.46,-1.431397,0.5,0.34285714285714286,0.22842639593908629,0.23042505592841164,0,R
596129,13.374101,0.31578946,0.25,87.42857,-0.009876634,0.4,0.35294117647058826,0.0,0.24471299093655588,0,L
543228,13.164474,0.340625,0.25,84.55882,0.57682455,0.1,0.3939393939393939,0.2582781456953642,0.25227963525835867,0,R
679881,11.777778,0.4,0.25,81.375,-1.3666956,0.3,0.5,0.16666666666666666,0.22727272727272727,2,L
657061,10.142858,0.30769232,0.25,89.24167,-1.9166805,0.2,0.2631578947368421,0.19230769230769232,0.19444444444444445,0,L
693049,11.75532,0.31282052,0.25,82.61905,-1.5943079,0.7,0.5384615384615384,0.19696969696969696,0.22844827586206898,2,L
641511,11.085714,0.33333334,0.19121428,81.02,-1.0970857,0.3,0.3333333333333333,0.2647058823529412,0.23770491803278687,0,R
660707,14.096154,0.34640524,0.25,89.14,-0.15983452,0.6,0.5797101449275363,0.21301775147928995,0.24089635854341737,0,R
682119,6.5,0.14285715,0.25,85.63,-2.6177907,0.16666666666666666,0.2,0.0,0.2,0,R
622491,3.8,0.0,0.25,88.0,-5.2260227,0.6,0.6,0.0,0.0,0,R
593934,14.548388,0.4,0.25,85.083336,-1.3862253,0.2,0.5161290322580645,0.29411764705882354,0.21052631578947367,0,R
621311,11.033334,0.30769232,0.25,80.61539,-0.7181027,0.5,0.5,0.2727272727272727,0.18571428571428572,0,L
658668,13.413174,0.32596686,0.1644,86.19231,-0.4060199,0.6,0.5254237288135594,0.25668449197860965,0.2594752186588921,0,R
664901,10.846154,0.26119402,0.25,77.99286,-1.4612944,0.2,0.3877551020408163,0.24719101123595505,0.1504424778761062,0,R
665856,6.6666665,0.0,0.25,88.0,-3.9771662,0.0,0.0,0.0,0.0,0,R
660636,7.75,0.25,0.25,88.0,4.055318,0.25,0.3333333333333333,0.0,0.5,1,R
649557,10.846774,0.30416667,0.25,82.15,-2.5417135,0.3,0.2727272727272727,0.2421875,0.2081447963800905,0,R
624503,10.427481,0.28099173,0.25,79.12222,-0.8505523,0.5,0.4891304347826087,0.21951219512195122,0.21630094043887146,0,L
613564,14.4,0.2962963,0.25,83.44,-0.60245085,0.5,0.625,0.2222222222222222,0.19230769230769232,0,L
623912,12.532338,0.3964365,0.25,84.486664,-0.055286348,0.4,0.5584415584415584,0.34615384615384615,0.27522935779816515,0,R
543063,13.057851,0.2792793,0.25,82.62174,-1.0855103,0.3,0.37037037037037035,0.21621621621621623,0.19081272084805653,0,L
641432,13.391666,0.2857143,0.12572727,78.457146,-1.073961,0.8,0.5857142857142857,0.12195121951219512,0.2692307692307692,1,L
694175,10.727273,0.25,0.25,88.0,-1.5322127,0.3,0.375,0.1111111111111111,0.11764705882352941,0,R
663550,9.406779,0.3918919,0.25,88.0,0.07669059,0.3,0.45714285714285713,0.16666666666666666,0.22137404580152673,0,L
623520,7.0,0.4375,0.1998,79.98333,-2.362176,0.4,0.4782608695652174,0.3,0.25,0,R
595284,5.111111,0.625,0.25,88.0,-4.7166457,0.5555555555555556,0.75,0.5,0.3333333333333333,1,L
672701,6.6666665,0.6666667,0.25,88.0,-7.0054083,0.6666666666666666,0.6,0.0,0.5714285714285714,1,L
543685,16.962963,0.30877194,0.24878572,85.36667,-0.5673483,0.5,0.5333333333333333,0.25882352941176473,0.23776223776223776,0,R
641779,12.363636,0.3,0.25,77.41,-0.12884744,0.4,0.4,0.2,0.21428571428571427,0,R
594807,13.479591,0.3203593,0.2521,81.252945,-0.54931694,0.1,0.42424242424242425,0.255,0.20273348519362186,0,R
593160,15.134454,0.33496732,0.25,77.68667,-0.7001079,0.4,0.5652173913043478,0.24793388429752067,0.27538726333907054,0,R
682617,13.046512,0.42647058,0.25,83.208336,-0.1843617,0.4,0.5666666666666667,0.36585365853658536,0.1951219512195122,0,R
660758,4.5,0.0,0.25,74.01,-4.9303737,0.0,0.0,0.0,0.0,0,R
622110,9.552941,0.32692307,0.25,90.36923,-1.0074149,0.8,0.75,0.28846153846153844,0.21904761904761905,1,R
543257,13.773399,0.34285715,0.25,88.0,0.19000682,0.2,0.4235294117647059,0.2863849765258216,0.20869565217391303,0,L
595281,12.495238,0.35189873,0.25,80.97143,-0.337971,0.1,0.43478260869565216,0.2589928057553957,0.2392638036809816,1,L
518735,13.983957,0.3025641,0.25,90.14616,1.1163121,0.6,0.5671641791044776,0.2426470588235294,0.23776223776223776,0,L
519203,16.262886,0.30800822,0.25,87.6,-0.06910399,0.7,0.5652173913043478,0.26627218934911245,0.23639774859287055,3,L
666197,7.714286,0.2,0.25,84.4,-2.482668,0.0,0.0,0.17647058823529413,0.11904761904761904,0,R
656448,12.430233,0.45528457,0.25,83.775,0.77236825,0.7,1.0,0.2764227642276423,0.2882882882882883,1,R
571745,14.755435,0.31268436,0.25,83.27273,-0.6410788,0.5,0.5483870967741935,0.21505376344086022,0.21794871794871795,0,R
668832,10.714286,0.43661973,0.25,88.0,-1.1158686,0.4,0.5,0.2,0.2536231884057971,1,L
453568,15.5,0.32952693,0.25,77.5,0.69391143,0.7,0.6171875,0.29473684210526313,0.2689210950080515,5,L
572761,12.388489,0.325,0.25,77.34286,-0.10056539,0.2,0.4576271186440678,0.2857142857142857,0.2057877813504823,0,L
665782,9.75,0.23529412,0.25,80.96429,-0.80637455,0.3,0.2727272727272727,0.23076923076923078,0.0625,0,R
595909,12.96,0.36363637,0.25,78.8,-0.13540396,0.4,0.5625,0.17105263157894737,0.26373626373626374,0,L
608336,13.94086,0.2920792,0.25,85.578575,-0.18592268,0.5,0.44,0.15178571428571427,0.17980295566502463,2,L
663527,12.2734375,0.28181818,0.25,79.25455,-0.27042586,0.6,0.4431818181818182,0.2158273381294964,0.19902912621359223,2,R
686482,9.0,0.20833333,0.25,83.026665,-3.9854202,0.5,0.5,0.14285714285714285,0.18518518518518517,0,L
605346,9.3,0.37209302,0.25,79.95238,0.9758302,0.9,0.4,0.2631578947368421,0.24,2,R
444482,11.436681,0.35135135,0.25,81.49286,-0.3426254,0.4,0.4835164835164835,0.2631578947368421,0.2743055555555556,2,L
592200,11.849315,0.25547445,0.25,80.12143,-1.0821313,0.4,0.40540540540540543,0.19117647058823528,0.19327731092436976,0,R
657193,6.3076925,0.13333334,0.25,86.01818,-0.54426205,0.1,0.09090909090909091,0.0,0.13333333333333333,0,L
502110,16.82773,0.3923767,0.25,85.975,0.59686583,0.2,0.6166666666666667,0.27800829875518673,0.2564935064935065,2,R
702467,3.8,1.0,0.25,88.0,0.0,0.6,0.6,0.0,1.0,0,L
802541,3.8,0.0,0.25,88.0,-4.9597645,0.6,0.6,0.0,0.0,0,R
666194,3.8,1.0,0.25,88.0,6.416173,0.6,0.6,1.0,0.0,0,R
663714,1.0,1.0,0.25,88.0,3.4848835,1.0,0.6,1.0,0.0,1,R
808326,3.8,0.0,0.25,88.0,-6.964841,0.6,0.6,0.0,0.0,0,R
682619,9.5,0.42857143,0.25,88.0,8.841058,1.0,0.6,0.0,0.375,2,R
694953,3.8,0.0,0.25,88.0,-3.5733294,0.6,0.6,0.0,0.0,0,L
694673,3.0,0.0,0.25,88.0,-11.027298,0.0,0.6,0.0,0.0,0,L
642137,11.263158,0.39130434,0.25,76.525,1.4145919,0.4,0.6,0.3333333333333333,0.21951219512195122,0,L
808279,3.8,0.3,0.25,88.0,0.0,0.6,0.6,0.26,0.26,0,L
681370,3.8,0.0,0.25,88.0,0.0,0.6,0.6,0.0,0.0,0,R
802504,3.8,0.0,0.25,88.0,-2.4435322,0.6,0.6,0.0,0.0,0,R
814528,3.8,0.0,0.25,88.0,-3.589058,0.6,0.6,0.0,0.0,0,R
656883,6.4545455,0.26666668,0.25,82.03571,0.0,0.5,0.6,0.18181818181818182,0.23076923076923078,1,R
809331,3.8,0.0,0.25,88.0,0.0,0.6,0.6,0.0,0.0,0,L
691601,3.8,0.3,0.25,88.0,0.0,0.6,0.6,0.26,0.26,0,L
800478,3.8,0.0,0.25,88.0,-0.37441087,0.6,0.6,0.0,0.0,0,L
687272,1.0,0.0,0.25,88.0,-3.0728068,0.0,0.6,0.0,0.0,0,L
702550,3.8,0.3,0.25,88.0,11.667462,0.6,0.6,0.26,0.26,0,R
800106,3.8,0.3,0.25,88.0,-4.1912174,0.6,0.6,0.26,0.26,0,L
665648,2.0,0.33333334,0.25,88.0,-0.28716803,0.5,0.6,0.0,0.3333333333333333,1,R
696501,3.8,0.3,0.25,88.0,-6.5187674,0.6,0.6,0.26,0.26,0,R
815697,3.8,0.0,0.25,88.0,-2.0715084,0.6,0.6,0.0,0.0,0,R
694249,1.0,0.0,0.25,88.0,-3.469429,0.0,0.6,0.0,0.0,0,L
692150,3.8,0.0,0.25,88.0,-8.789265,0.6,0.6,0.0,0.0,0,L
681879,3.8,0.3,0.25,88.0,11.95455,0.6,0.6,0.26,0.26,0,L
686196,3.8,0.0,0.25,88.0,-4.031876,0.6,0.6,0.0,0.0,0,L
675430,3.8,0.3,0.25,88.0,0.0,0.6,0.6,0.26,0.26,0,R
672013,3.8,0.3,0.25,88.0,0.0,0.6,0.6,0.26,0.26,0,L
681098,8.333333,0.5,0.25,75.05454,-1.4895732,0.3333333333333333,0.6,0.5,0.0,0,R
691186,2.5,0.2,0.25,88.0,5.3108377,0.25,0.6,0.5,0.0,1,L
812470,1.0,0.5,0.25,88.0,7.472495,0.0,0.6,0.0,0.5,0,L
814154,5.0,0.0,0.25,88.0,0.0,0.0,0.6,0.0,0.0,0,L
806953,3.8,0.3,0.25,88.0,-4.341531,0.6,0.6,0.26,0.26,0,L
679663,4.0,0.0,0.25,88.0,0.0,0.0,0.6,0.0,0.0,0,L
699475,3.8,0.3,0.25,88.0,-2.3929725,0.6,0.6,0.26,0.26,0,R
692390,1.0,0.0,0.25,88.0,0.09864078,0.0,0.6,0.0,0.0,0,R
684976,3.8,0.3,0.25,88.0,0.0,0.6,0.6,0.26,0.26,0,R
806230,8.0,0.0,0.25,88.0,7.2892327,0.0,0.0,0.0,0.0,0,R
680935,3.8,0.0,0.25,88.0,0.0,0.6,0.6,0.0,0.0,0,R
691392,1.0,0.0,0.25,88.0,-7.7561173,0.0,0.6,0.0,0.0,0,L
688449,2.5,0.0,0.25,88.0,-8.07311,0.0,0.6,0.0,0.0,0,R
801978,3.8,0.3,0.25,88.0,0.0,0.6,0.6,0.26,0.26,0,R
703430,3.8,0.0,0.25,88.0,0.0,0.6,0.6,0.0,0.0,0,L
814091,3.8,0.0,0.25,88.0,-14.121241,0.6,0.6,0.0,0.0,0,R
825924,3.8,0.3,0.25,88.0,0.0,0.6,0.6,0.26,0.26,0,L
687282,3.8,0.3,0.25,88.0,-6.625652,0.6,0.6,0.26,0.26,0,L
800051,2.0,0.0,0.25,88.0,-0.013898048,0.0,0.0,0.0,0.0,0,R
815915,3.8,0.0,0.25,88.0,0.0,0.6,0.6,0.0,0.0,0,R
687152,6.0,0.0,0.25,88.0,2.581526,0.0,0.6,0.0,0.0,0,L
808291,3.8,0.3,0.25,88.0,0.0,0.6,0.6,0.26,0.26,0,R
695023,3.8,0.3,0.25,88.0,2.6504,0.6,0.6,0.26,0.26,0,L
684712,2.5,0.5,0.25,88.0,-2.8743532,0.5,0.6,0.0,0.3333333333333333,1,R
806921,3.8,0.3,0.25,88.0,0.0,0.6,0.6,0.26,0.26,0,R
806995,3.8,0.3,0.25,88.0,0.0,0.6,0.6,0.26,0.26,0,L
702472,4.0,0.6666667,0.25,88.0,7.2687497,0.6666666666666666,1.0,0.0,0.6666666666666666,1,L
682633,3.8,0.0,0.25,88.0,0.0,0.6,0.6,0.0,0.0,0,R
695481,3.8,0.3,0.25,88.0,-2.1270041,0.6,0.6,0.26,0.26,0,R
695538,3.8,0.3,0.25,88.0,0.0,0.6,0.6,0.26,0.26,0,R
679788,3.8,1.0,0.25,88.0,14.193189,0.6,0.6,0.0,1.0,0,L
666801,11.988764,0.31914893,0.25,77.49286,-0.31225163,0.3,0.6,0.27184466019417475,0.1791044776119403,0,R
668860,5.0,1.0,0.25,88.0,6.828572,1.0,0.6,1.0,0.5,1,R
805704,9.0,0.0,0.25,88.0,-6.4442873,0.0,0.6,0.0,0.0,0,R
801256,3.8,0.0,0.25,88.0,0.0,0.6,0.6,0.0,0.0,0,R
699024,3.8,0.3,0.25,88.0,34.2539,0.6,0.6,0.26,0.26,0,L
702556,3.8,0.3,0.25,88.0,0.0,0.6,0.6,0.26,0.26,0,L
695930,2.0,0.5,0.25,88.0,0.0,0.5,0.6,0.0,0.3333333333333333,1,L
592325,11.725,0.3529412,0.25,88.0,0.08075284,0.3,0.6,0.3157894736842105,0.2345679012345679,0,L
668785,3.8,0.3,0.25,88.0,0.0,0.6,0.6,0.26,0.26,0,R
620449,10.0,0.0,0.25,88.0,-7.776075,0.0,0.0,0.0,0.0,0,R
690469,3.8,0.3,0.25,88.0,0.0,0.6,0.6,0.26,0.26,0,R
801075,3.8,0.3,0.25,88.0,1.3060491,0.6,0.6,0.26,0.26,0,R
687862,4.0,0.0,0.25,88.0,-7.99009,0.0,0.6,0.0,0.0,0,L
694193,3.0,0.0,0.25,88.0,-3.214895,0.0,0.0,0.0,0.0,0,L
681114,11.0,0.0,0.25,88.0,-5.2809486,0.0,0.6,0.0,0.0,0,L
691269,4.0,0.2,0.25,88.0,0.0,0.3333333333333333,0.6,0.3333333333333333,0.0,1,L
699014,3.8,0.3,0.25,88.0,0.0,0.6,0.6,0.26,0.26,0,R
687918,3.8,0.0,0.25,88.0,-3.1999598,0.6,0.6,0.0,0.0,0,R
814431,3.0,0.0,0.25,88.0,-11.2719755,0.0,0.6,0.0,0.0,0,L
703194,3.8,0.0,0.25,88.0,0.0,0.6,0.6,0.0,0.0,0,R
701784,3.8,0.0,0.25,88.0,0.0,0.6,0.6,0.0,0.0,0,R
703202,3.8,0.3,0.25,88.0,0.0,0.6,0.6,0.26,0.26,0,L
815150,3.8,0.3,0.25,88.0,0.0,0.6,0.6,0.26,0.26,0,R
681488,3.8,1.0,0.25,88.0,0.6274195,0.6,0.6,1.0,0.0,0,R
805795,3.8,0.3,0.25,88.0,5.5490212,0.6,0.6,0.26,0.26,0,R
676882,1.0,0.0,0.25,88.0,0.0,0.0,0.6,0.0,0.0,0,R
641468,3.6666667,0.33333334,0.25,88.0,-2.5222516,0.3333333333333333,0.6,0.0,0.3333333333333333,0,R
663905,11.217391,0.17777778,0.2527,81.92,-0.63260424,0.3,0.6,0.25,0.12727272727272726,1,L
690804,3.8,0.0,0.25,88.0,0.0,0.6,0.6,0.0,0.0,0,L
814445,3.8,0.3,0.25,88.0,0.0,0.6,0.6,0.26,0.26,0,R
690443,3.0,0.0,0.25,88.0,-2.055409,0.0,0.6,0.0,0.0,0,L
800194,3.8,0.0,0.25,88.0,-5.110448,0.6,0.6,0.0,0.0,0,R
806367,3.8,0.0,0.25,88.0,0.0,0.6,0.6,0.0,0.0,0,L
696142,3.8,0.3,0.25,88.0,0.0,0.6,0.6,0.26,0.26,0,R
680690,5.5,0.5,0.25,88.0,-6.7753887,0.0,0.6,0.0,0.2,0,R
807728,3.8,0.0,0.25,88.0,-4.4924846,0.6,0.6,0.0,0.0,0,R
651016,3.0,0.0,0.25,88.0,-2.5130343,0.0,0.6,0.0,0.0,0,L
686639,3.8,0.3,0.25,88.0,0.0,0.6,0.6,0.26,0.26,0,R
802005,3.8,1.0,0.25,88.0,0.0,0.6,0.6,1.0,0.0,0,L
702328,9.0,0.0,0.25,88.0,-1.0631084,0.0,0.6,0.0,0.0,0,L
694689,1.0,0.0,0.25,88.0,0.81528175,0.0,0.6,0.0,0.0,0,L
624414,11.432836,0.34228188,0.24927273,87.7,-0.4295727,0.5,0.0,0.2222222222222222,0.273972602739726,0,R
815306,3.8,0.0,0.25,88.0,0.0,0.6,0.6,0.0,0.0,0,R
688551,3.8,0.3,0.25,88.0,0.0,0.6,0.6,0.26,0.26,0,R
800522,1.0,0.0,0.25,88.0,0.0,0.0,0.6,0.0,0.5,0,L
645801,12.276191,0.31543624,0.3919,80.40625,0.8348343,0.4,0.6,0.325,0.21544715447154472,0,L
621458,8.62963,0.20833333,0.25,82.5,-0.95366615,0.1,0.0,0.2,0.1276595744680851,0,L
668853,11.173913,0.27272728,0.25,76.86364,-2.3005538,0.5,0.6,0.0,0.18867924528301888,2,L
694425,7.0,0.0,0.25,88.0,5.1827116,0.0,0.6,0.0,0.0,0,R
701689,3.8,0.0,0.25,88.0,-1.5690054,0.6,0.6,0.0,0.0,0,R
803174,3.8,0.3,0.25,88.0,-3.6709006,0.6,0.6,0.26,0.26,0,L
815067,3.8,0.0,0.25,88.0,9.777805,0.6,0.6,0.0,0.0,0,L
703606,3.8,0.3,0.25,88.0,0.0,0.6,0.6,0.26,0.26,0,L
681623,1.0,1.0,0.25,88.0,-5.1192307,1.0,0.6,0.0,0.5,1,R
650907,11.574074,0.41558442,0.25,88.71667,0.74854445,0.3,0.6,0.2391304347826087,0.27522935779816515,0,R
693832,3.8,0.0,0.25,88.0,-3.4099998,0.6,0.6,0.0,0.0,0,R
681333,15.0,0.0,0.25,88.0,0.0,0.0,0.6,0.0,0.0,0,R
804446,3.8,0.0,0.25,88.0,-9.133333,0.6,0.6,0.0,0.0,0,L
677007,6.0,0.6666667,0.25,88.0,-1.5448276,0.5,0.5,0.0,0.5,1,R
700720,3.8,0.3,0.25,88.0,-8.533333,0.6,0.6,0.26,0.26,0,R
682793,4.0,0.0,0.25,88.0,3.1591876,0.0,0.0,0.0,0.0,0,R
668751,10.5,0.0,0.25,88.0,-2.7849214,0.0,0.6,0.0,0.0,0,L
682799,1.0,0.0,0.25,88.0,5.02069,0.0,0.0,0.0,0.0,0,R
669002,3.8,0.0,0.25,88.0,1.1359583,0.6,0.6,0.0,0.0,0,L
689302,3.8,0.3,0.25,88.0,0.0,0.6,0.6,0.26,0.26,0,R
676038,3.8,0.3,0.25,88.0,0.0,0.6,0.6,0.26,0.26,0,R
804241,3.8,0.0,0.25,88.0,25.789516,0.6,0.6,0.0,0.0,0,R
545358,4.0,0.5,0.25,88.0,0.0,0.0,0.6,0.0,0.3333333333333333,0,R
664332,3.8,0.0,0.25,88.0,-4.321154,0.6,0.6,0.0,0.0,0,R
691442,3.0,0.0,0.25,88.0,-2.598069,0.0,0.6,0.0,0.0,0,R
703198,3.8,0.0,0.25,88.0,0.0,0.6,0.6,0.0,0.0,0,L
703205,3.8,0.0,0.25,88.0,0.0,0.6,0.6,0.0,0.0,0,L
621529,7.75,0.5555556,0.25,88.0,-3.287857,0.5,0.0,0.0,0.4,0,R
815464,3.8,0.5,0.25,88.0,0.0,0.6,0.6,0.0,0.3333333333333333,0,R
687942,3.8,0.0,0.25,88.0,0.0,0.6,0.6,0.0,0.0,0,R
694974,13.0,0.0,0.25,88.0,-3.247917,0.0,0.6,0.0,0.0,0,R
691116,3.8,0.3,0.25,88.0,3.953846,0.6,0.6,0.26,0.26,0,R
683493,5.5,0.5,0.25,88.0,-6.2524996,0.25,0.0,0.0,0.2,0,R
801822,13.0,1.0,0.25,88.0,0.0,1.0,0.6,0.3333333333333333,0.0,1,R
691588,5.0,1.0,0.25,88.0,0.0,0.0,0.6,0.0,0.5,0,L
687071,7.5,0.33333334,0.25,88.0,-7.369918,0.25,0.0,0.25,0.0,0,R
703151,3.8,0.3,0.25,88.0,-0.21390374,0.6,0.6,0.26,0.26,0,L
814451,3.8,0.3,0.25,88.0,0.0,0.6,0.6,0.26,0.26,0,R
694369,3.8,0.3,0.25,88.0,0.0,0.6,0.6,0.26,0.26,0,L
692564,3.8,0.0,0.25,88.0,-6.176667,0.6,0.6,0.0,0.0,0,R
800765,11.0,0.0,0.25,88.0,0.0,0.0,0.6,0.0,0.0,0,R
687036,7.5,0.0,0.25,88.0,-6.851322,0.0,0.6,0.0,0.0,0,R
688617,3.8,0.0,0.25,88.0,-4.38,0.6,0.6,0.0,0.0,0,R
695735,3.8,0.3,0.25,88.0,-18.066668,0.6,0.6,0.26,0.26,0,L
811289,3.0,0.5,0.25,88.0,14.780005,0.0,0.0,0.5,0.0,0,L
694661,7.5,0.6666667,0.25,88.0,0.34732363,0.5,0.6,0.0,1.0,0,R
678746,6.0,0.0,0.25,88.0,6.2668333,0.0,0.0,0.0,0.0,0,L
815589,3.8,0.3,0.25,88.0,0.0,0.6,0.6,0.26,0.26,0,L
682073,12.120689,0.23170732,0.25,84.49,-2.401506,0.2,0.0,0.1780821917808219,0.1111111111111111,0,R
694196,1.5,0.5,0.25,88.0,0.0,0.5,0.6,1.0,0.0,1,L
681142,2.0,0.0,0.25,88.0,-2.9760127,0.0,0.6,0.0,0.0,0,R
675994,15.333333,1.0,0.25,83.1,0.4801104,0.6666666666666666,0.6,1.0,0.2,1,R
802353,3.8,0.3,0.25,88.0,-10.66,0.6,0.6,0.26,0.26,0,L
803172,3.8,0.0,0.25,88.0,-1.8083334,0.6,0.6,0.0,0.0,0,R
814299,6.0,0.0,0.25,88.0,1.845,0.0,0.0,0.0,0.0,0,R
808288,3.8,0.0,0.25,88.0,0.0,0.6,0.6,0.0,0.0,0,L
801938,3.8,0.3,0.25,88.0,9.471264,0.6,0.6,0.26,0.26,0,R
809244,3.8,0.0,0.25,88.0,10.3172035,0.6,0.6,0.0,0.0,0,L
666632,3.8,0.3,0.25,88.0,-3.3993797,0.6,0.6,0.26,0.26,0,L
702112,1.0,0.5,0.25,88.0,2.2969646,0.0,0.6,1.0,0.0,0,R
694754,4.0,0.5,0.25,88.0,0.0,1.0,1.0,1.0,0.0,1,R
815039,2.0,0.5,0.25,88.0,5.576002,0.0,0.0,0.0,0.5,0,R
682648,6.0,0.0,0.25,88.0,-0.46638116,0.0,0.6,0.0,0.0,0,R
680711,5.0,0.5,0.25,88.0,28.437899,0.6666666666666666,0.6,0.0,0.4,2,L
682942,4.0,1.0,0.25,88.0,-11.333334,0.0,0.6,0.0,1.0,0,R
807759,6.0,0.0,0.25,88.0,-2.5,0.0,0.0,0.0,0.0,0,L
800959,3.0,0.0,0.25,88.0,-9.2300005,0.0,0.6,0.0,0.0,0,R
696286,3.8,0.3,0.25,88.0,0.0,0.6,0.6,0.26,0.26,0,R
698929,3.8,0.3,0.25,88.0,4.37,0.6,0.6,0.26,0.26,0,R
682796,3.3333333,0.0,0.25,88.0,-1.8862146,0.0,0.6,0.0,0.0,0,L
642197,8.666667,0.26086956,0.25,88.0,0.0,0.2,0.0,0.2,0.1111111111111111,0,R
686638,3.8,0.0,0.25,88.0,-4.997116,0.6,0.6,0.0,0.0,0,L
694385,13.5,0.0,0.25,88.0,0.0,0.5,0.6,0.0,0.3333333333333333,0,R
806212,2.0,1.0,0.25,88.0,-0.5843971,1.0,1.0,0.0,1.0,1,R
687982,3.8,0.0,0.25,88.0,0.7881226,0.6,0.6,0.0,0.0,0,L
660613,9.5,0.0,0.25,88.0,-4.345915,0.5,0.6,0.0,0.14285714285714285,0,R
671217,3.8,0.3,0.25,88.0,5.96,0.6,0.6,0.26,0.26,0,R
813896,9.0,0.0,0.25,88.0,-2.6100001,0.0,0.0,0.0,0.0,0,L
808516,3.8,0.0,0.25,88.0,-1.1238525,0.6,0.6,0.0,0.0,0,R
657088,9.48,0.45238096,0.25,78.6,0.60299426,0.6,0.0,0.5,0.3076923076923077,0,L
673995,7.9565215,0.17142858,0.25,72.60625,-2.5554707,0.3,0.0,0.13157894736842105,0.14285714285714285,0,R
676946,12.521739,0.36363637,0.25,79.89,0.15633115,0.7,1.0,0.3488372093023256,0.20652173913043478,4,R
675662,1.0,0.0,0.25,88.0,-5.2327065,0.0,0.6,0.0,0.0,0,R
824028,3.8,0.0,0.25,88.0,1.3961259,0.6,0.6,0.0,0.0,0,R
687394,4.0,0.0,0.25,88.0,-7.1017084,0.0,0.0,0.0,0.0,0,R
676113,11.785714,0.33333334,0.25,84.24286,-0.7755705,0.8,1.0,0.18181818181818182,0.23636363636363636,2,L
675448,7.0,0.33333334,0.25,88.0,-1.0178572,1.0,1.0,0.5,0.0,1,R
800056,8.0,0.0,0.25,88.0,-6.4538774,0.0,0.6,0.0,0.0,0,L
678742,9.5,0.75,0.25,80.34545,0.5536812,0.75,1.0,0.0,0.42857142857142855,3,R
806394,3.8,0.3,0.25,88.0,-7.8924093,0.6,0.6,0.26,0.26,0,R
803175,3.8,0.0,0.25,88.0,0.0,0.6,0.6,0.0,0.0,0,L
687751,3.8,0.3,0.25,88.0,0.0,0.6,0.6,0.26,0.26,0,R
806146,16.0,0.0,0.25,88.0,-4.2640557,0.0,0.6,0.0,0.0,0,R
691616,9.0,0.0,0.25,88.0,-0.44927967,0.0,0.6,0.0,0.0,0,L
678926,4.0,0.0,0.25,88.0,-0.6734813,0.0,0.6,0.0,0.0,0,R
686793,3.8,0.0,0.25,88.0,0.0,0.6,0.6,0.0,0.0,0,L
800253,1.0,0.0,0.25,88.0,-5.4871798,0.0,0.6,0.0,0.0,0,R
702315,6.0,0.0,0.25,88.0,-5.0985985,0.0,0.0,0.0,0.0,0,R
687192,6.0,0.0,0.25,88.0,-16.342144,0.0,0.0,0.0,0.0,0,L
641796,8.709678,0.34375,0.25,78.12666,-2.2399826,0.7,1.0,0.18604651162790697,0.2857142857142857,4,R
656627,6.6666665,0.25,0.25,88.0,0.0,0.0,0.6,0.0,0.16666666666666666,0,R
691024,2.0,0.0,0.25,88.0,0.0,0.0,0.6,0.0,0.0,0,R
801430,3.8,0.5,0.25,88.0,-3.456818,0.6,0.6,1.0,0.0,0,L
683172,8.0,0.25,0.25,88.0,0.0,0.3333333333333333,0.6,0.0,0.2,1,L
676545,1.0,0.0,0.25,88.0,0.0,0.0,0.6,0.0,0.0,0,L
699615,3.8,0.0,0.25,88.0,-3.4270353,0.6,0.6,0.0,0.0,0,L
700681,5.5,0.4,0.25,88.0,-0.577316,0.5,0.0,0.0,0.4,0,R
702685,3.8,1.0,0.25,88.0,14.941279,0.6,0.6,0.0,1.0,0,L
802544,3.8,0.0,0.25,88.0,4.5945997,0.6,0.6,0.0,0.0,0,L
695031,6.6666665,0.5,0.25,88.0,-0.4926169,0.6666666666666666,1.0,0.0,0.5,2,R
806988,3.8,0.0,0.25,88.0,-3.9793963,0.6,0.6,0.0,0.0,0,R
685091,6.0,0.5,0.25,88.0,1.3081218,0.3333333333333333,0.6,0.0,0.3333333333333333,0,L
679821,3.8,1.0,0.25,88.0,5.3051214,0.6,0.6,0.0,1.0,0,R
677565,8.0,0.0,0.25,88.0,-8.976088,0.0,0.0,0.0,0.0,0,R
700081,3.8,0.3,0.25,88.0,-4.1533527,0.6,0.6,0.26,0.26,0,L
681184,4.0,0.0,0.25,88.0,-5.287202,0.0,0.6,0.0,0.0,0,L
828335,7.0,1.0,0.25,88.0,0.0,1.0,1.0,0.0,0.5,1,R
800195,3.8,0.0,0.25,88.0,-7.85093,0.6,0.6,0.0,0.0,0,R
686758,3.8,0.3,0.25,88.0,0.0,0.6,0.6,0.26,0.26,0,R
676024,3.0,1.0,0.25,88.0,0.0,0.0,0.6,0.0,0.6666666666666666,0,L
695604,5.0,0.33333334,0.25,88.0,0.0,0.0,0.6,0.0,0.3333333333333333,0,L
678854,3.8,0.3,0.25,88.0,0.0,0.6,0.6,0.26,0.26,0,L
691605,3.8,0.3,0.25,88.0,0.0,0.6,0.6,0.26,0.26,0,R
701327,4.5,0.0,0.25,88.0,0.0,0.0,0.6,0.0,0.0,0,R
800356,3.8,0.3,0.25,88.0,0.0,0.6,0.6,0.26,0.26,0,R
687628,3.8,0.3,0.25,88.0,38.349087,0.6,0.6,0.26,0.26,0,R
814413,3.8,1.0,0.25,88.0,7.0170455,0.6,0.6,1.0,0.0,0,L
702391,3.8,0.0,0.25,88.0,-1.4896641,0.6,0.6,0.0,0.0,0,R
684922,6.0,0.5,0.25,88.0,0.0,0.3333333333333333,0.6,0.0,0.25,0,R
694211,4.0,0.0,0.25,88.0,-5.729687,0.0,0.0,0.0,0.0,0,L
813844,3.8,0.3,0.25,88.0,0.0,0.6,0.6,0.26,0.26,0,L
691021,5.5,0.0,0.25,88.0,11.114062,0.0,0.0,0.0,0.3333333333333333,0,R
814806,3.0,0.0,0.25,88.0,-4.9451413,0.0,0.6,0.0,0.0,0,L
682618,5.6666665,0.6666667,0.25,88.0,0.96364367,0.6666666666666666,0.6,0.0,0.5,1,R
702679,13.0,0.25,0.25,88.0,-9.245847,0.5,0.5,0.0,0.16666666666666666,1,R
691285,5.0,1.0,0.25,88.0,1.2451174,0.0,0.0,1.0,0.0,0,L
694070,3.8,0.3,0.25,88.0,-0.7064456,0.6,0.6,0.26,0.26,0,R
696141,5.0,0.75,0.25,88.0,5.237155,1.0,1.0,0.0,1.0,2,R
682707,3.8,0.0,0.25,88.0,-7.182558,0.6,0.6,0.0,0.0,0,L
695490,12.0,0.0,0.25,88.0,5.2863655,0.0,0.0,0.0,0.0,0,R
828599,3.8,0.3,0.25,88.0,0.0,0.6,0.6,0.26,0.26,0,L
690107,3.8,0.3,0.25,88.0,-3.2533336,0.6,0.6,0.26,0.26,0,R
672537,5.5,0.0,0.25,88.0,-10.188826,0.0,0.0,0.0,0.0,0,R
670869,10.25,0.34615386,0.25,75.48125,2.082933,0.3,0.5,0.0,0.2903225806451613,1,L
691939,6.0,0.0,0.25,88.0,-7.110177,0.0,0.0,0.0,0.0,0,R
686982,3.0,0.5,0.25,88.0,0.0,0.5,0.6,1.0,0.0,0,L
682265,6.6,1.0,0.25,88.0,2.1905203,0.6,0.6,0.0,0.5714285714285714,3,R
689355,3.8,0.3,0.25,88.0,-1.5829175,0.6,0.6,0.26,0.26,0,R
677605,5.5,0.75,0.25,88.0,0.090697646,0.75,1.0,0.0,1.0,3,R
692446,3.8,0.3,0.25,88.0,-7.20457,0.6,0.6,0.26,0.26,0,R
681275,3.8,0.3,0.25,88.0,0.0,0.6,0.6,0.26,0.26,0,L
701162,4.0,0.0,0.25,88.0,-7.4712167,0.0,0.0,0.0,0.0,0,R
703639,3.8,0.0,0.25,88.0,-4.426466,0.6,0.6,0.0,0.0,0,R
696140,5.5,1.0,0.25,88.0,-0.20714283,0.5,0.6,0.0,0.5,1,R
801629,3.8,0.0,0.25,88.0,-0.84318185,0.6,0.6,0.0,0.0,0,R
687724,4.25,0.0,0.25,88.0,-5.0842104,0.0,0.0,0.0,0.0,0,R
806611,3.8,0.3,0.25,88.0,0.0,0.6,0.6,0.26,0.26,0,R
825334,3.8,0.0,0.25,88.0,0.0,0.6,0.6,0.0,0.0,0,R
800508,3.8,0.3,0.25,88.0,0.0,0.6,0.6,0.26,0.26,0,L
683145,9.0,1.0,0.25,88.0,0.0,1.0,1.0,0.0,1.0,1,L
695692,9.666667,0.6666667,0.25,79.33,0.32792032,0.6666666666666666,1.0,0.0,0.6666666666666666,1,L
679734,9.4,0.2,0.25,88.0,3.0176473,0.4,0.0,0.0,0.16666666666666666,0,R
687012,3.8,0.0,0.25,88.0,0.0,0.6,0.6,0.0,0.0,0,L
802459,3.8,0.0,0.25,88.0,0.0,0.6,0.6,0.0,0.0,0,R
803745,5.0,1.0,0.25,88.0,15.889437,1.0,0.6,0.0,1.0,1,L
701481,5.0,1.0,0.25,88.0,13.343323,0.0,0.0,1.0,0.0,0,L
694182,5.0,0.0,0.25,88.0,-10.228838,0.0,0.6,0.0,0.0,0,R
691789,3.0,0.0,0.25,88.0,3.6736844,0.0,0.0,0.0,0.0,0,L
666703,10.0,0.38636363,0.25,81.77273,0.38671535,0.3,0.5,0.35555555555555557,0.14583333333333334,1,R
702726,5.25,0.0,0.25,88.0,-3.9757636,0.0,0.6,0.0,0.0,0,R
680642,4.5,0.5,0.25,88.0,-0.29964858,0.0,0.0,0.3333333333333333,0.0,0,R
683344,3.5,0.0,0.25,88.0,-5.2377462,0.0,0.6,0.0,0.0,0,R
806993,3.8,0.3,0.25,88.0,0.0,0.6,0.6,0.26,0.26,0,R
800198,4.6666665,0.6666667,0.25,88.0,-4.5625,0.3333333333333333,1.0,0.5,0.16666666666666666,2,R
621466,12.204545,0.2912088,0.25,81.30769,-0.6191845,0.4,0.0,0.1346153846153846,0.22545454545454546,0,L
664670,4.0,0.25,0.25,88.0,9.622302,0.5,0.6,0.3333333333333333,0.0,1,L
682679,4.0,0.0,0.25,88.0,1.0109088,0.0,0.6,0.0,0.0,0,R
814791,5.0,1.0,0.25,88.0,5.024492,1.0,1.0,0.3333333333333333,0.0,1,R
806263,7.0,0.33333334,0.25,88.0,-3.2445416,1.0,1.0,0.0,0.25,1,R
805672,11.0,0.0,0.25,88.0,-6.8882055,0.0,0.6,0.0,0.0,0,R
699130,6.0,0.6666667,0.25,88.0,2.7378006,0.5,0.6,0.0,0.6666666666666666,1,R
660766,13.721649,0.3537736,0.25,78.84118,0.34726995,0.8,1.0,0.24390243902439024,0.292817679558011,3,R
687714,3.8,0.0,0.25,88.0,-5.732956,0.6,0.6,0.0,0.0,0,L
699073,5.3333335,0.33333334,0.25,88.0,-3.1025705,0.3333333333333333,0.6,0.0,0.2,1,L
815154,11.0,1.0,0.25,88.0,-3.098203,1.0,1.0,0.0,1.0,1,L
696513,2.0,1.0,0.25,88.0,0.0,0.5,0.6,0.5,0.0,0,R
614173,10.571428,0.225,0.25,83.46875,-3.4016225,0.3,0.6,0.3,0.16901408450704225,0,L
806965,3.8,0.0,0.25,88.0,-8.607334,0.6,0.6,0.0,0.0,0,L
687605,5.0,0.0,0.25,88.0,-1.8628857,0.0,0.6,0.0,0.0,0,R
703601,3.0,1.0,0.25,88.0,0.50371444,1.0,1.0,1.0,0.0,1,L
686531,10.588235,0.4,0.25,87.315,-1.3434012,0.5,0.6666666666666666,0.38461538461538464,0.26666666666666666,0,R
806368,2.3333333,1.0,0.25,88.0,-3.0757818,0.3333333333333333,0.6,0.0,0.3333333333333333,0,R
678323,8.0,0.0,0.25,88.0,-5.875782,0.0,0.6,0.0,0.0,0,R
701682,3.8,0.0,0.25,88.0,-9.548165,0.6,0.6,0.0,0.0,0,L
676280,1.0,1.0,0.25,88.0,23.661036,1.0,0.6,1.0,0.0,1,L
808864,3.8,1.0,0.25,88.0,3.950522,0.6,0.6,1.0,0.0,0,R
691645,5.0,1.0,0.25,88.0,-3.7401502,1.0,1.0,0.0,0.5,1,L
686984,8.0,0.6666667,0.25,88.0,23.60357,0.5,1.0,0.0,0.6666666666666666,1,L
684541,3.0,1.0,0.25,88.0,-4.604638,1.0,1.0,0.0,1.0,1,R
694977,3.8,0.0,0.25,88.0,3.8627331,0.6,0.6,0.0,0.0,0,R
815089,4.0,0.0,0.25,88.0,-7.560869,0.0,0.0,0.0,0.0,0,L
682732,4.0,0.0,0.25,88.0,-10.751545,0.0,0.6,0.0,0.0,0,L
683494,1.0,-0.0,0.25,88.0,68.575775,0.0,0.0,1.0,0.0,0,R
703155,2.3333333,0.0,0.25,88.0,-3.6891065,0.0,0.6,0.0,0.0,0,L
699232,4.0,0.0,0.25,88.0,9.8675,0.0,0.6,0.0,0.0,0,L
678577,3.8,0.3,0.25,88.0,59.505592,0.6,0.6,0.26,0.26,0,R
805951,3.8,0.0,0.25,88.0,-5.899786,0.6,0.6,0.0,0.0,0,L
675628,3.0,0.2857143,0.25,88.0,0.0,0.4,0.5,1.0,0.14285714285714285,1,L
698933,6.0,0.5,0.25,88.0,1.6552382,0.0,0.6,0.0,0.3333333333333333,0,L
686766,3.8,0.0,0.25,88.0,0.0,0.6,0.6,0.0,0.0,0,R
694320,1.0,1.0,0.25,88.0,-5.5431123,1.0,1.0,1.0,0.5,1,R
670076,3.8,0.0,0.25,88.0,-2.5915494,0.6,0.6,0.0,0.0,0,R
686810,3.8,0.0,0.25,88.0,-4.4619026,0.6,0.6,0.0,0.0,0,R
677673,3.8,0.0,0.25,88.0,-1.7717949,0.6,0.6,0.0,0.0,0,L
701805,3.8,0.3,0.25,88.0,-1.6285129,0.6,0.6,0.26,0.26,0,R
694806,3.8,0.0,0.25,88.0,1.6047385,0.6,0.6,0.0,0.0,0,R
806983,8.5,0.33333334,0.25,88.0,3.2960184,0.5,0.6,0.0,0.2,1,L
553988,7.0,0.6666667,0.25,88.0,-1.349767,0.5,0.3333333333333333,0.75,0.375,0,R
814440,3.8,1.0,0.25,88.0,10.9,0.6,0.6,0.0,1.0,0,R
687431,3.8,0.0,0.25,88.0,-1.5967284,0.6,0.6,0.0,0.0,0,L
699166,3.8,0.3,0.25,88.0,15.609498,0.6,0.6,0.26,0.26,0,L
686981,3.8,0.0,0.25,88.0,-0.37073871,0.6,0.6,0.0,0.0,0,R
806210,3.8,0.0,0.25,88.0,-0.7166667,0.6,0.6,0.0,0.0,0,R
670868,1.0,0.6666667,0.25,88.0,-0.67643553,0.0,0.6,0.0,1.0,0,R
700652,10.0,1.0,0.25,88.0,1.269697,0.3333333333333333,0.5,0.0,0.5,0,R
691897,3.8,0.5,0.25,88.0,-9.0375,0.6,0.6,0.0,1.0,0,R
676063,3.0,0.0,0.25,88.0,2.1081672,0.0,0.0,0.0,0.0,0,L
668664,6.25,0.0,0.25,88.0,0.0,0.0,0.0,0.0,0.0,0,R
681375,2.0,0.0,0.25,88.0,-4.0625,0.0,0.0,0.0,0.0,0,L
806077,5.3333335,0.5,0.25,88.0,6.5523643,0.3333333333333333,0.0,0.0,0.5,0,L
805319,3.8,0.0,0.25,88.0,-6.9869237,0.6,0.6,0.0,0.0,0,L
692039,6.0,0.0,0.25,88.0,-5.424571,0.0,0.0,0.0,0.0,0,L
821262,3.8,0.0,0.25,88.0,3.619648,0.6,0.6,0.0,0.0,0,R
800724,3.8,1.0,0.25,88.0,7.8059716,0.6,0.6,0.0,1.0,0,L
680996,3.6666667,0.0,0.25,88.0,-1.911734,0.0,0.0,0.0,0.0,0,L
701548,3.8,0.0,0.25,88.0,-5.45898,0.6,0.6,0.0,0.0,0,R
690985,3.5,0.5,0.25,88.0,-1.4371288,1.0,1.0,0.0,0.5,2,L
666177,6.3333335,0.6666667,0.25,88.0,-3.4997005,0.6666666666666666,0.5,0.0,0.5714285714285714,1,R
808083,3.8,0.0,0.25,88.0,3.101177,0.6,0.6,0.0,0.0,0,L
689959,6.0,0.0,0.25,88.0,-3.0867026,0.0,0.0,0.0,0.0,0,L
808236,3.8,0.0,0.25,88.0,-2.321405,0.6,0.6,0.0,0.0,0,L
800440,1.5,0.0,0.25,88.0,1.0949159,0.0,0.0,0.0,0.0,0,L
686744,5.0,0.0,0.25,88.0,-1.2284759,0.0,0.0,0.0,0.0,0,L
670712,10.454545,0.25490198,0.25,81.676926,1.1329901,0.4,1.0,0.23076923076923078,0.20588235294117646,1,R
807742,5.0,0.6666667,0.25,88.0,-2.5110538,1.0,0.6,1.0,0.3333333333333333,1,L
805234,3.8,0.0,0.25,88.0,-5.1214285,0.6,0.6,0.0,0.0,0,R
669137,8.85,0.3611111,0.25,80.22,-2.1964335,0.5,0.75,0.23529411764705882,0.3,0,R
694876,7.0,0.0,0.25,88.0,-0.81231904,0.0,0.0,0.0,0.0,0,L
672373,8.6,0.2857143,0.25,78.386665,-4.3639283,0.2,0.25,0.0,0.2222222222222222,0,R
682266,5.6666665,0.375,0.25,88.0,2.6482131,0.5,0.6,0.6666666666666666,0.2857142857142857,1,R
702333,5.142857,0.375,0.25,88.0,0.0,0.42857142857142855,0.6666666666666666,0.0,0.2727272727272727,0,R
684222,6.0,0.0,0.25,88.0,6.5500727,0.0,0.6,0.0,0.0,0,L
702574,6.25,0.25,0.25,88.0,1.1542858,0.25,0.25,0.3333333333333333,0.0,0,L
694185,3.0,0.0,0.25,88.0,-2.9856982,0.0,0.6,0.0,0.0,0,R
693459,9.0,1.0,0.25,88.0,6.21401,1.0,1.0,0.0,0.6666666666666666,1,R
608360,5.6666665,0.6666667,0.25,88.0,-3.5767856,0.3333333333333333,0.5,0.3333333333333333,0.3333333333333333,0,R
702906,4.5,0.4,0.25,88.0,0.42389065,0.5,0.5,0.5,0.3333333333333333,1,R
688500,2.6666667,0.33333334,0.25,88.0,0.0,0.3333333333333333,0.0,0.0,0.3333333333333333,0,L
700845,5.5,-0.0,0.25,88.0,0.0,0.5,0.6,0.0,0.5,0,R
682662,5.0,0.0,0.25,88.0,0.0,0.0,0.6,0.0,0.0,0,R
595453,10.591549,0.30120483,0.25,77.82,-1.5612903,0.3,0.0,0.24561403508771928,0.17307692307692307,0,R
694304,4.3333335,0.5,0.25,88.0,2.6499999,0.3333333333333333,0.0,0.0,0.3333333333333333,0,L
665998,6.923077,0.23529412,0.25,83.46471,-4.997778,0.3,0.25,0.0,0.25,1,L
694355,5.857143,0.0,0.25,88.0,-5.712347,0.14285714285714285,0.6,0.0,0.125,0,R
680868,4.0,0.25,0.25,88.0,-8.827047,0.3333333333333333,0.3333333333333333,0.0,0.25,0,L
814307,3.75,0.5,0.25,88.0,1.1407174,0.5,0.5,0.3333333333333333,1.0,0,L
686438,6.0,0.2,0.25,88.0,-4.1563373,0.0,0.0,0.3333333333333333,0.0,0,L
800448,4.0,0.25,0.25,88.0,-5.018861,0.5,0.5,1.0,0.0,0,R
657247,7.736842,0.45454547,0.25,88.0,-3.3010125,0.5,0.6666666666666666,0.14285714285714285,0.32142857142857145,0,R
688311,3.8,0.3,0.25,88.0,6.163889,0.6,0.6,0.26,0.26,0,R
670867,3.8,0.3,0.25,88.0,-6.956125,0.6,0.6,0.26,0.26,0,R
676632,11.325,0.32857144,0.25,79.3,-1.1410847,0.5,1.0,0.2,0.22916666666666666,1,L
605612,10.75,0.375,0.25,78.28333,-0.6457911,0.3,0.6666666666666666,0.16129032258064516,0.27755102040816326,0,L
681172,3.0,0.0,0.25,88.0,0.0,0.0,0.6,0.0,0.0,0,L
685382,14.0,0.0,0.25,88.0,5.5709653,0.0,0.0,0.0,0.0,0,R
814442,3.8,0.3,0.25,88.0,0.0,0.6,0.6,0.26,0.26,0,R
685474,5.5,1.0,0.25,88.0,0.0,0.5,0.0,1.0,0.5,0,R
805865,6.6666665,0.0,0.25,88.0,-2.4250002,0.0,0.0,0.0,0.0,0,L
701158,8.0,0.0,0.25,88.0,0.0,0.0,0.0,0.0,0.0,0,L
684852,4.0,0.33333334,0.25,88.0,1.9525491,0.2857142857142857,0.5,0.0,0.2222222222222222,0,L
696135,6.0,0.0,0.25,88.0,10.355372,0.0,0.6,0.0,0.0,0,L
694410,8.333333,1.0,0.25,88.0,4.7184076,0.6666666666666666,0.6666666666666666,0.5,0.6666666666666666,0,R
669194,3.8,1.0,0.25,88.0,7.8850017,0.6,0.6,0.0,1.0,0,R
607067,3.8,0.0,0.25,88.0,0.0,0.6,0.6,0.0,0.0,0,R
622534,11.959641,0.32454363,0.25,75.225,-0.5886176,0.8,0.8571428571428571,0.27611940298507465,0.24802110817941952,1,R
592178,15.666667,0.31907895,0.25,77.95385,-0.57785225,0.4,0.35714285714285715,0.1810344827586207,0.24929971988795518,0,R
691907,6.0,0.0,0.25,88.0,-7.834193,0.0,0.0,0.0,0.0,0,L
663796,7.678571,0.3617021,0.2540909,84.38,-2.8401685,0.4,0.75,0.36363636363636365,0.16216216216216217,0,R
553882,12.29114,0.27058825,0.25,80.13684,-0.28552067,0.6,1.0,0.2972972972972973,0.20320855614973263,4,L
542963,8.25,0.33333334,0.25,78.44782,-1.1363436,0.4,0.3333333333333333,0.36363636363636365,0.2222222222222222,1,L
691728,11.6875,0.2962963,0.25,84.12,-1.4745541,0.3,0.35714285714285715,0.18181818181818182,0.175,0,L
702358,12.318182,0.30821916,0.2438,76.675,-2.4403028,0.2,0.6,0.1780821917808219,0.2786885245901639,0,R
493329,12.035212,0.31438127,0.1473,79.49545,-1.2521665,0.3,0.35,0.19718309859154928,0.27450980392156865,0,R
672359,8.777778,0.1875,0.25,81.69444,-2.1457493,0.3333333333333333,0.3333333333333333,1.0,0.1111111111111111,0,L
605204,13.666667,0.35733333,0.25,83.575,-0.38328695,0.3,0.2222222222222222,0.24083769633507854,0.24498886414253898,1,R
605113,11.575164,0.30666667,0.25,86.42,-1.5363195,0.4,0.42857142857142855,0.2107843137254902,0.2317596566523605,0,R
671213,15.921397,0.3537736,0.25,85.44,0.7143546,0.6,0.5666666666666667,0.2532467532467532,0.2541528239202658,1,L
666915,12.376812,0.35,0.25,83.36,-0.2649906,0.5,0.5555555555555556,0.2,0.14814814814814814,0,R
670276,7.965517,0.2857143,0.25,79.13077,-1.3525596,0.3,0.5,0.16666666666666666,0.21428571428571427,0,L
669392,11.484848,0.34,0.187,71.54091,-0.46415716,0.5,0.6666666666666666,0.25,0.18604651162790697,0,R
689041,5.0,0.25,0.25,86.08,0.36936998,0.3333333333333333,0.5,0.0,0.25,0,L
592696,13.34874,0.3043478,0.2695,84.336845,-0.36915895,0.3,0.3333333333333333,0.21348314606741572,0.23132183908045978,0,L
660757,12.15,0.3465909,0.25,83.59583,-1.5166798,0.5,0.5714285714285714,0.21212121212121213,0.27564102564102566,0,R
665839,13.032895,0.3031359,0.25941667,86.240906,-0.3068179,0.6,0.5517241379310345,0.11666666666666667,0.25866666666666666,0,L
665155,13.128,0.23316061,0.25,84.14616,-0.493711,0.4,0.4230769230769231,0.17647058823529413,0.1779935275080906,0,L
676551,12.25,0.4,0.25,88.0,3.7741563,0.0,0.0,0.0,0.4,0,R
605131,12.153846,0.30588236,0.25,85.36667,0.14561737,0.6,0.5,0.22580645161290322,0.22058823529411764,0,R
676701,10.798388,0.29493088,0.18157142,80.895836,-1.1955696,0.4,0.4375,0.17886178861788618,0.23267326732673269,0,R
685301,12.428572,0.33333334,0.25,84.51667,-1.5734217,0.5,0.42857142857142855,0.18181818181818182,0.23529411764705882,1,R
681584,12.130435,0.254717,0.25,76.416664,-0.10021639,0.5,0.5,0.18478260869565216,0.16822429906542055,0,R
592669,14.593857,0.30062306,0.30307692,88.025,-0.1829716,0.5,0.5142857142857142,0.2375886524822695,0.2335243553008596,0,R
518792,11.7338705,0.29662922,0.25,79.97,0.76306725,0.4,0.42857142857142855,0.2222222222222222,0.24046434494195687,0,L
607680,11.040404,0.30704224,0.13766667,81.53043,-0.5080318,0.3,0.391304347826087,0.28517110266159695,0.1875,0,R
668731,12.902778,0.29045644,0.36675,84.90455,-0.80088985,0.4,0.3333333333333333,0.3333333333333333,0.20308483290488433,0,L
677347,12.259259,0.29245284,0.25,88.0,-2.0046303,0.3,0.4782608695652174,0.16363636363636364,0.17901234567901234,0,R
641313,14.922728,0.3512545,0.25,84.21905,-1.956399,0.5,0.46875,0.27705627705627706,0.2301038062283737,0,R
670223,13.156627,0.24390244,0.25,80.82667,-0.9988437,0.3,0.4222222222222222,0.14705882352941177,0.16901408450704225,1,L
605361,11.626017,0.29017857,0.30054545,82.95789,-0.76756,0.3,0.4318181818181818,0.2,0.2375886524822695,0,L
571466,11.488372,0.328125,0.25,81.48,-0.54312027,0.2,0.14285714285714285,0.1509433962264151,0.21604938271604937,0,L
677008,11.385321,0.32163742,0.34115386,85.10953,-0.5449561,0.5,0.47058823529411764,0.22857142857142856,0.22529644268774704,0,L
656248,11.481928,0.3392857,0.25,81.4,-0.9793128,0.2,0.3333333333333333,0.24731182795698925,0.175,1,R
664913,12.300725,0.31012657,0.25,76.86,-1.0626429,0.3,0.3333333333333333,0.1702127659574468,0.2309899569583931,0,L
641943,11.785714,0.30035335,0.4064,84.26316,0.10619879,0.4,0.5111111111111111,0.2,0.24,1,L
672279,11.488189,0.33783785,0.25,77.33572,-1.1744189,0.4,0.4,0.20588235294117646,0.23628691983122363,1,L
669374,11.0,0.33333334,0.25,79.41818,0.59652853,0.3,0.42857142857142855,0.15384615384615385,0.20930232558139536,1,R
641302,3.8,0.0,0.25,88.0,-3.9326177,0.6,0.6,0.0,0.0,0,R
663898,15.334863,0.37903225,0.25,80.526665,0.14633168,0.2,0.48717948717948717,0.2871287128712871,0.2555746140651801,1,R
682183,7.125,0.25,0.25,78.46667,-3.028341,0.3,0.3333333333333333,0.25,0.11538461538461539,1,L
682515,11.235294,0.2857143,0.25,88.0,3.1298857,0.3,0.3333333333333333,0.16666666666666666,0.1875,0,R
663662,11.544304,0.296,0.3371818,84.422226,0.0,0.4,0.3125,0.24074074074074073,0.16666666666666666,1,R
641645,11.729508,0.31683168,0.25,78.671425,-0.77908933,0.3,0.36363636363636365,0.16279069767441862,0.23673469387755103,0,L
656541,13.096154,0.45528457,0.25,88.0,0.15760456,0.3,0.5652173913043478,0.2545454545454545,0.2576419213973799,0,L
683004,3.8,0.0,0.25,88.0,-10.865105,0.6,0.6,0.0,0.0,0,R
669432,3.8,0.0,0.25,88.0,-6.570034,0.6,0.6,0.0,0.0,0,L
682729,13.461538,0.31730768,0.25,74.10833,-1.6635604,0.4,0.5,0.19230769230769232,0.24528301886792453,0,R
642727,3.5,0.0,0.25,88.0,-5.8217955,0.0,0.0,0.0,0.0,0,R
518934,15.219008,0.33395177,0.25,84.55,-0.8766723,0.7,0.55,0.22549019607843138,0.25542570951585974,4,R
687952,14.704545,0.34042552,0.30654547,76.63809,0.105886236,0.5,0.5384615384615384,0.20155038759689922,0.26495726495726496,0,R
608671,11.127551,0.33146068,0.25,75.62666,-1.014586,0.3,0.38095238095238093,0.16326530612244897,0.25925925925925924,0,L
608385,13.81405,0.3310811,0.25,83.775,0.73929036,0.5,0.39285714285714285,0.22123893805309736,0.24514991181657847,0,L
670092,7.5581393,0.29411766,0.25,78.76522,-1.2435623,0.1,0.28,0.375,0.2,0,L
607732,12.690141,0.31413612,0.12358333,80.62778,-1.3167908,0.3,0.3488372093023256,0.22807017543859648,0.2188235294117647,0,R
664774,14.834337,0.3247734,0.25,86.986664,0.10973768,0.4,0.37662337662337664,0.23880597014925373,0.24647887323943662,0,L
572138,12.981595,0.30388692,0.25,79.07333,0.3401283,0.3,0.25,0.1717171717171717,0.23140495867768596,0,L
455117,11.782051,0.2912913,0.25,81.40769,-0.5867636,0.6,0.36507936507936506,0.20809248554913296,0.1830065359477124,1,R
663536,9.777778,0.25,0.25,88.025,-3.069822,0.4444444444444444,0.375,0.2,0.16666666666666666,0,R
679032,11.786364,0.35634744,0.25,83.525,-1.3258293,0.5,0.4603174603174603,0.25333333333333335,0.26265060240963856,0,R
679631,9.233334,0.43243244,0.35863635,85.62631,-1.2521377,0.5,0.6,0.3333333333333333,0.28846153846153844,0,L
669450,11.637931,0.2638889,0.25,86.51875,-2.0602825,0.4,0.42105263157894735,0.16981132075471697,0.175,3,R
642731,14.839081,0.33970588,0.26283333,83.3375,-0.3720231,0.6,0.5641025641025641,0.2366412213740458,0.2645861601085482,0,R
680716,7.4117646,0.33333334,0.25,77.57333,-1.6480471,0.3,0.0,0.08333333333333333,0.2571428571428571,0,R
542932,11.974227,0.375,0.30954546,86.09286,-0.6924303,0.4,0.38095238095238093,0.29714285714285715,0.273224043715847,0,R
543592,12.2615385,0.22033899,0.21,79.10588,-2.304748,0.4,0.35714285714285715,0.19607843137254902,0.15454545454545454,0,R
677941,11.121212,0.33962265,0.25,79.7,-0.8028369,0.5,0.0,0.1111111111111111,0.24615384615384617,0,R
691182,12.479167,0.23853211,0.14057143,80.942856,-0.6003357,0.5,0.43243243243243246,0.08,0.2066115702479339,0,L
676116,15.096939,0.35842294,0.25,89.43636,0.09400305,0.2,0.22727272727272727,0.18181818181818182,0.21505376344086022,1,L
656185,7.892857,0.2,0.25,84.293335,0.8028669,0.1,0.0,0.0,0.15217391304347827,0,L
668845,10.222222,0.3258427,0.35418183,81.58261,-1.7175608,0.4,0.4666666666666667,0.18867924528301888,0.23595505617977527,0,R
672642,9.96,0.22580644,0.25,89.13333,-2.1544724,0.3,0.0,0.23076923076923078,0.10526315789473684,0,L
666149,14.337143,0.39297125,0.25,81.166664,-0.21163796,0.4,0.49295774647887325,0.29120879120879123,0.2390745501285347,0,R
649966,13.645503,0.2821229,0.25,80.95625,-0.40728706,0.4,0.6063829787234043,0.2014388489208633,0.23036649214659685,0,R
682927,12.88,0.30357143,0.25,85.1,-0.67507154,0.7,0.6,0.16666666666666666,0.24193548387096775,2,L
681909,3.0,0.5,0.25,88.0,-5.3217545,0.2,0.0,0.0,0.2,0,R
605353,6.6666665,0.25,0.25,85.10526,-0.22896205,0.4444444444444444,0.5,0.4,0.18181818181818182,0,L
829272,3.8,0.0,0.25,88.0,-3.2044823,0.6,0.6,0.0,0.0,0,L
676801,13.130435,0.3659091,0.25,82.18667,0.233135,0.2,0.3469387755102041,0.2788844621513944,0.24,0,R
694359,14.16279,0.27586207,0.25,88.0,-0.16928525,0.3,0.25,0.15384615384615385,0.16666666666666666,0,L
671284,11.8,0.1923077,0.25,76.81875,-1.0534782,0.2,0.36363636363636365,0.1,0.13725490196078433,0,R
678011,8.9,0.27906978,0.25,88.0,-1.791958,0.4,0.4,0.5,0.17543859649122806,0,L
682988,14.12766,0.32258064,0.25,74.97647,-1.0496857,0.5,0.4666666666666667,0.14583333333333334,0.19148936170212766,5,R
683090,9.206897,0.33333334,0.3580909,85.064705,-0.0027658045,0.5,0.4642857142857143,0.3157894736842105,0.18518518518518517,4,R
656896,12.502203,0.33628318,0.25418183,83.67857,-0.38932723,0.7,0.5135135135135135,0.2647058823529412,0.24087591240875914,0,R
678225,14.105634,0.33684212,0.25,83.45,-0.8173375,0.1,0.1,0.2627118644067797,0.20615384615384616,0,L
691185,13.555555,0.25,0.25,77.718185,-0.4919272,0.8,0.6470588235294118,0.17647058823529413,0.20512820512820512,2,R
642020,9.861111,0.17857143,0.25,66.59167,-2.6342072,0.2,0.2,0.11538461538461539,0.12280701754385964,0,R
666134,15.634921,0.3846154,0.25,80.278946,0.46651322,0.3,0.43410852713178294,0.2517985611510791,0.25,0,L
571912,11.629371,0.3382353,0.25,78.60625,-0.45056555,0.5,0.5555555555555556,0.23636363636363636,0.2163265306122449,2,R
667452,13.619632,0.3271605,0.25,82.15625,-1.209806,0.3,0.25,0.25149700598802394,0.22910216718266255,0,R
687529,12.6,0.37704918,0.25,82.075,-1.1643878,0.2,0.16666666666666666,0.1111111111111111,0.21739130434782608,0,L
595751,10.375,0.3272727,0.3178,71.222725,-1.7941557,0.7,0.7,0.3333333333333333,0.16923076923076924,0,R
695670,4.714286,0.25,0.25,88.0,-2.9576936,0.0,0.0,0.0,0.16666666666666666,0,R
456781,12.82392,0.3888889,0.25,80.435295,-0.21450406,0.3,0.4411764705882353,0.26843657817109146,0.3013972055888224,0,R
663457,17.752161,0.3251462,0.25,88.0,0.31161332,0.4,0.6141732283464567,0.23249299719887956,0.25942350332594233,0,L
690987,12.047619,0.35652173,0.25,84.55334,-1.2933977,0.3,0.5238095238095238,0.24242424242424243,0.22929936305732485,1,L
641856,13.238095,0.3207547,0.28872728,80.58125,-0.06295289,0.5,0.8,0.26666666666666666,0.2222222222222222,3,L
642133,13.175287,0.3114754,0.25,86.53571,-0.4661917,0.5,0.5225225225225225,0.1792452830188679,0.24342857142857144,0,L
695238,12.670732,0.3653846,0.25,79.808334,0.18584576,0.0,0.39285714285714285,0.19047619047619047,0.30357142857142855,0,L
527038,14.670695,0.30068028,0.25,84.7,0.16247733,0.4,0.5625,0.26433915211970077,0.2523809523809524,1,R
689200,12.653846,0.2972973,0.25,78.76,-1.4727244,0.2,0.3333333333333333,0.18181818181818182,0.15254237288135594,0,L
640459,4.6363635,0.25,0.25,96.03333,1.6962966,0.4,0.6666666666666666,0.25,0.16666666666666666,2,R
691019,15.74026,0.40522876,0.25,78.435,0.48640734,0.5,0.5584415584415584,0.225,0.291866028708134,2,L
596146,14.767956,0.31840795,0.25,86.48,0.1375714,0.4,0.5118110236220472,0.2554112554112554,0.24924012158054712,0,L
680837,9.0,0.18181819,0.25,78.86471,-1.7042847,0.5,0.3888888888888889,0.15,0.21212121212121213,1,L
621035,13.336032,0.3481894,0.25,88.0,0.39716327,0.3,0.37777777777777777,0.19548872180451127,0.23076923076923078,1,R
700242,11.655172,0.30555555,0.25,75.52857,-0.8715023,0.2,0.4166666666666667,0.24050632911392406,0.20118343195266272,1,L
666198,13.0,0.28846154,0.2775,80.22857,-1.3126637,0.6,0.5,0.2647058823529412,0.17543859649122806,0,R
805373,14.0,0.3116883,0.25,78.85294,-1.5293484,0.5,0.5535714285714286,0.14545454545454545,0.25,0,R
687478,10.736842,0.35,0.25,82.29091,-1.7613058,0.4,0.26666666666666666,0.26666666666666666,0.09090909090909091,1,R
457759,15.934959,0.34063262,0.25,75.8875,0.010280961,0.5,0.4473684210526316,0.28055555555555556,0.26545454545454544,0,R
682653,12.878049,0.3137255,0.23527272,80.62,-1.312661,0.3,0.575,0.27586206896551724,0.2616822429906542,0,R
695681,14.735849,0.32467532,0.25,88.0,0.0067871995,0.6,0.5094339622641509,0.2564102564102564,0.18181818181818182,0,R
676059,14.632958,0.36877078,0.33192858,86.4,0.60312736,0.4,0.6071428571428571,0.26595744680851063,0.27366863905325445,0,R
688760,12.75,0.26666668,0.25,84.05385,-3.0013237,0.9,0.5714285714285714,0.2,0.18181818181818182,0,R
595777,17.934246,0.3197065,0.25,74.87857,0.3339289,0.5,0.7073170731707317,0.2896174863387978,0.25651720542231493,0,L
656180,13.618497,0.36933798,0.25,84.807144,-0.5407596,0.3,0.5,0.22613065326633167,0.22796352583586627,1,R
683227,14.235294,0.2875,0.25,76.48572,-0.6056745,0.4,0.5588235294117647,0.20930232558139536,0.26153846153846155,0,R
676044,11.36,0.35714287,0.25,78.10769,-0.6238415,0.5,0.52,0.2222222222222222,0.21052631578947367,0,L
694203,10.8125,0.33333334,0.25,85.44,0.9966794,0.4,0.4166666666666667,0.0,0.20588235294117646,0,R
672744,11.23,0.41304347,0.25,74.15714,0.50041264,0.6,0.5063291139240507,0.21929824561403508,0.2727272727272727,0,R
572191,12.512196,0.3382353,0.25,81.03333,-1.0294565,0.2,0.42342342342342343,0.2276923076923077,0.20299500831946754,0,R
666150,12.900901,0.32520324,0.34866667,83.9,-1.499974,0.4,0.4,0.175,0.26492537313432835,0,L
676812,8.1875,0.5,0.25,88.0,-3.8919563,0.4,0.3333333333333333,0.21739130434782608,0.125,0,R
699625,12.866667,0.24,0.412,83.65417,-2.1658602,0.3,0.3333333333333333,0.3333333333333333,0.13513513513513514,1,L
623993,17.663073,0.3030303,0.25,75.564705,0.38015187,0.2,0.5454545454545454,0.23333333333333334,0.24903100775193798,0,R
681460,12.355072,0.32806325,0.25,80.55,-0.5623232,0.6,0.5523809523809524,0.1927710843373494,0.24615384615384617,2,L
670156,9.52973,0.3255814,0.25,72.075,-1.4446852,0.3,0.3815789473684211,0.24,0.24444444444444444,0,L
669242,13.900735,0.3,0.37718183,86.80526,-0.20056643,0.4,0.5979381443298969,0.25925925925925924,0.23700305810397554,0,L
669234,12.8984375,0.34254143,0.25,83.03529,-0.11117643,0.5,0.35185185185185186,0.24561403508771928,0.20276497695852536,2,R
578428,13.082051,0.36155605,0.25,87.706665,-0.36154076,0.5,0.4778761061946903,0.3155339805825243,0.2680965147453083,1,R
663853,11.351598,0.4180328,0.19254546,89.0875,-0.073037855,0.6,0.6344086021505376,0.3090277777777778,0.2652439024390244,0,R
826723,3.8,1.0,0.25,88.0,1.1222149,0.6,0.6,0.0,1.0,0,R
800377,4.0,1.0,0.25,88.0,-2.5305882,1.0,0.6,0.0,1.0,1,R
702302,3.75,0.4,0.25,88.0,9.255845,0.5,0.6,0.5,0.3333333333333333,0,L
669384,5.8,0.16666667,0.25,74.74,-2.7617648,0.2,0.6,0.3333333333333333,0.0,0,L
692169,3.8,0.0,0.25,88.0,-5.8918996,0.6,0.6,0.0,0.0,0,L
813852,8.0,1.0,0.25,88.0,-3.6653333,1.0,0.6,0.0,0.5,1,L
687554,3.3333333,0.75,0.25,88.0,-2.3764515,0.6666666666666666,0.6,0.6666666666666666,0.25,2,R
800384,3.8,0.0,0.25,88.0,0.6166667,0.6,0.6,0.0,0.0,0,L
645305,10.95,0.2857143,0.31754544,84.336,-1.4529272,0.5,0.6,0.16666666666666666,0.2,0,R
804603,3.8,0.3,0.25,88.0,-6.7612906,0.6,0.6,0.26,0.26,0,R
702068,3.0,0.0,0.25,88.0,-10.516762,0.0,0.6,0.0,0.0,0,R
699031,3.0,0.0,0.25,88.0,-7.74,0.0,0.6,0.0,0.0,0,R
687248,5.142857,0.5,0.25,88.0,1.3833334,0.2857142857142857,0.6,0.25,0.16666666666666666,0,R
702331,6.0,0.0,0.25,88.0,6.008889,0.0,0.6,0.0,0.0,0,L
829052,3.8,0.0,0.25,88.0,-9.011736,0.6,0.6,0.0,0.0,0,L
699471,8.0,0.0,0.25,88.0,-6.1666665,0.0,0.6,0.0,0.0,0,R
806869,3.8,0.3,0.25,88.0,21.291666,0.6,0.6,0.26,0.26,0,R
694170,3.0,1.0,0.25,88.0,0.352,1.0,0.6,0.0,1.0,1,R
814131,3.8,0.3,0.25,88.0,-0.66183966,0.6,0.6,0.26,0.26,0,L
702025,3.8,0.3,0.25,88.0,-2.3316514,0.6,0.6,0.26,0.26,0,R
681433,3.8,1.0,0.25,88.0,10.167431,0.6,0.6,0.0,1.0,0,R
677954,6.0,0.42857143,0.25,83.675,0.9094674,0.4,0.6,0.0,0.42857142857142855,2,R
703448,3.8,0.3,0.25,88.0,-12.587742,0.6,0.6,0.26,0.26,0,L
806957,3.8,0.3,0.25,88.0,-2.8718307,0.6,0.6,0.26,0.26,0,R
694478,3.8,0.3,0.25,88.0,5.2560005,0.6,0.6,0.26,0.26,0,L
808024,3.8,0.3,0.25,88.0,12.775,0.6,0.6,0.26,0.26,0,R
823851,3.8,0.3,0.25,88.0,-6.060892,0.6,0.6,0.26,0.26,0,R
815793,11.5,0.0,0.25,88.0,-3.0684094,0.0,0.6,0.0,0.0,0,L
805346,3.8,0.3,0.25,88.0,-15.155045,0.6,0.6,0.26,0.26,0,R
804560,3.8,0.0,0.25,88.0,1.4656521,0.6,0.6,0.0,0.0,0,L
821139,3.8,1.0,0.25,88.0,6.688208,0.6,0.6,0.0,1.0,0,L
806997,3.8,0.0,0.25,88.0,-4.6683335,0.6,0.6,0.0,0.0,0,R
686404,3.8,0.0,0.25,88.0,-5.5069447,0.6,0.6,0.0,1.0,0,L
808159,3.8,0.0,0.25,88.0,-0.14583337,0.6,0.6,0.0,0.0,0,R
692046,7.0,0.75,0.25,76.83125,4.6839437,0.3333333333333333,0.6,0.0,0.4444444444444444,2,R
826163,3.8,0.3,0.25,88.0,-5.434615,0.6,0.6,0.26,0.26,0,L
823703,2.0,1.0,0.25,88.0,-7.8366303,1.0,0.6,0.0,1.0,1,L
827628,3.8,0.3,0.25,88.0,-7.302909,0.6,0.6,0.26,0.26,0,L
695780,2.0,0.0,0.25,88.0,-1.3678436,0.0,0.6,0.0,0.0,0,L
670232,8.0,0.33333334,0.25,88.0,-4.298503,1.0,0.6,1.0,0.0,1,R
829040,3.8,0.3,0.25,88.0,10.46595,0.6,0.6,0.26,0.26,0,L
814261,3.8,0.3,0.25,88.0,-2.2842834,0.6,0.6,0.26,0.26,0,R
815734,3.8,0.3,0.25,88.0,-2.2079518,0.6,0.6,0.26,0.26,0,R
804119,3.8,0.0,0.25,88.0,-12.298239,0.6,0.6,0.0,0.0,0,R
807727,3.8,0.3,0.25,88.0,0.0,0.6,0.6,0.26,0.26,0,R
702488,3.0,0.5,0.25,88.0,5.0215654,0.5,0.6,0.0,1.0,0,L
827388,3.8,0.3,0.25,88.0,2.5095305,0.6,0.6,0.26,0.26,0,L
692225,16.691177,0.32624114,0.25,75.79091,0.3973071,0.4,0.6,0.2033898305084746,0.22905027932960895,0,R
694444,10.0,0.5,0.25,88.0,-3.9308054,1.0,0.6,0.0,0.3333333333333333,1,L
806152,6.0,1.0,0.25,88.0,1.424142,1.0,0.6,0.0,0.5,1,L
694757,3.8,0.3,0.25,88.0,-6.727927,0.6,0.6,0.26,0.26,0,L
683353,11.0,1.0,0.25,88.0,-5.097887,1.0,0.6,0.0,0.5,1,R
693819,3.6666667,0.0,0.25,88.0,-5.5514784,0.0,0.6,0.0,0.0,0,R
642136,13.0360365,0.30769232,0.25,80.793335,-0.22152175,0.4,0.6,0.18446601941747573,0.21649484536082475,1,L
827759,3.8,0.3,0.25,88.0,-11.472213,0.6,0.6,0.26,0.26,0,R
808903,3.8,0.3,0.25,88.0,-1.8130282,0.6,0.6,0.26,0.26,0,L
806978,3.8,0.0,0.25,88.0,-2.4247828,0.6,0.6,0.0,0.0,0,R
814458,1.0,0.5,0.25,88.0,-7.348169,1.0,0.6,0.0,1.0,1,R
834962,3.8,0.3,0.25,88.0,4.129984,0.6,0.6,0.26,0.26,0,R
805127,3.8,0.3,0.25,88.0,-7.4083285,0.6,0.6,0.26,0.26,0,L
667690,6.0,0.2,0.25,88.0,0.6501258,0.2,0.6,0.5,0.0,0,R
682997,7.25,0.2,0.25,88.0,-6.135289,0.25,0.6,0.0,0.14285714285714285,0,L
690970,3.8,0.3,0.25,88.0,2.4992309,0.6,0.6,0.26,0.26,0,L
813386,3.8,0.3,0.25,88.0,-14.21621,0.6,0.6,0.26,0.26,0,R
800203,8.0,0.0,0.25,88.0,-3.3910754,0.0,0.6,0.0,0.0,0,L
802474,3.8,1.0,0.25,88.0,0.4278251,0.6,0.6,0.0,1.0,0,L
683490,4.0,0.0,0.25,88.0,0.48443937,0.0,0.6,0.0,0.0,0,R
815121,3.8,0.3,0.25,88.0,0.0,0.6,0.6,0.26,0.26,0,L
690957,3.8,0.3,0.25,88.0,-5.040594,0.6,0.6,0.26,0.26,0,L
622569,11.018018,0.31797236,0.25,79.22941,0.21502103,0.3,0.6,0.2857142857142857,0.2393617021276596,1,R
701527,3.8,0.0,0.25,88.0,-1.4873043,0.6,0.6,0.0,0.0,0,R
809975,3.8,0.0,0.25,88.0,-4.9189563,0.6,0.6,0.0,0.0,0,R
671748,3.8,0.3,0.25,88.0,8.705338,0.6,0.6,0.26,0.26,0,R
694266,6.0,0.0,0.25,88.0,7.9999995,0.0,0.6,0.0,0.0,0,R
807720,3.8,0.3,0.25,88.0,-8.968676,0.6,0.6,0.26,0.26,0,R
700321,1.0,0.0,0.25,88.0,-12.8,0.0,0.6,0.0,0.0,0,L
698945,3.8,0.3,0.25,88.0,-2.3881042,0.6,0.6,0.26,0.26,0,R
829643,3.8,0.3,0.25,88.0,-5.2305183,0.6,0.6,0.26,0.26,0,L
827665,4.0,0.0,0.25,88.0,29.91831,0.0,0.6,0.0,0.0,0,R
666165,12.161765,0.4072165,0.25,73.40625,-0.4066753,0.4,0.6,0.1509433962264151,0.26498422712933756,0,L
695573,3.8,0.3,0.25,88.0,0.60632753,0.6,0.6,0.26,0.26,0,R
800957,4.2,0.25,0.25,88.0,-3.7549477,0.2,0.6,0.0,0.25,0,L
669722,11.55,0.42105263,0.25,88.0,-1.4548774,0.3,0.6,0.4444444444444444,0.12195121951219512,0,L
813666,3.8,0.3,0.25,88.0,1.0022831,0.6,0.6,0.26,0.26,0,R
695744,3.8,0.3,0.25,88.0,-0.5470752,0.6,0.6,0.26,0.26,0,R
691944,3.0,0.0,0.25,88.0,-5.282143,0.0,0.6,0.0,0.0,0,R
702607,3.8,0.3,0.25,88.0,-6.8816285,0.6,0.6,0.26,0.26,0,R
690841,7.5,0.0,0.25,88.0,10.302091,0.0,0.6,0.0,0.0,0,R
801276,3.0,0.5,0.25,88.0,1.6320412,0.3333333333333333,0.6,0.5,0.0,0,L
687210,3.0,0.5,0.25,88.0,1.803998,0.3333333333333333,0.6,0.0,0.5,1,L
814172,6.5,0.6666667,0.25,88.0,-1.8999925,0.5,0.6,0.0,1.0,1,L
805126,3.8,1.0,0.25,88.0,11.772268,0.6,0.6,0.0,1.0,0,L
681230,7.5,0.2,0.25,88.0,-1.5791794,0.25,0.6,0.0,0.16666666666666666,0,L
669256,8.25,0.2,0.25,81.90714,-2.3677087,0.25,0.6,0.125,0.25,0,R
688460,5.3333335,1.0,0.25,88.0,1.124556,0.0,0.6,0.0,0.5,0,R
701742,3.8,0.0,0.25,88.0,0.15151268,0.6,0.6,0.0,0.0,0,R
671083,10.975,0.19642857,0.2257,83.45789,-0.5944225,0.2,0.6,0.14,0.1388888888888889,0,R
827719,3.8,0.3,0.25,88.0,-10.500717,0.6,0.6,0.26,0.26,0,R
827636,3.8,0.0,0.25,88.0,-5.8591585,0.6,0.6,0.0,0.0,0,L
675394,4.0,0.33333334,0.25,88.0,-0.0004813969,0.0,0.6,0.3333333333333333,0.0,0,R
829058,3.8,0.0,0.25,88.0,-3.3324254,0.6,0.6,0.0,0.0,0,R
668965,3.8,0.0,0.25,88.0,9.990393,0.6,0.6,0.0,0.5,0,R
683233,3.8,0.0,0.25,88.0,-3.403112,0.6,0.6,0.0,0.0,0,R
804668,11.0,0.42857143,0.25,84.00833,0.8000097,0.42857142857142855,0.6,0.125,0.2857142857142857,0,R
570482,13.656126,0.34449762,0.4255,78.54737,-0.28479722,0.8,0.6,0.2564102564102564,0.27699530516431925,8,R
668800,11.183099,0.29213482,0.25,76.6,-2.0254385,0.7,0.6,0.216,0.22743682310469315,0,R
701649,7.0,0.0,0.25,88.0,16.032206,0.0,0.6,0.0,0.0,0,R
806128,3.8,0.3,0.25,88.0,-0.088513255,0.6,0.6,0.26,0.26,0,R
805796,9.333333,0.0,0.25,88.0,-0.75235665,0.3333333333333333,0.6,0.3333333333333333,0.0,0,R
815873,3.8,0.0,0.25,88.0,8.153726,0.6,0.6,0.0,0.0,0,L
800473,12.0,0.0,0.25,88.0,-4.8540177,0.0,0.6,0.0,0.0,0,R
702977,12.0,0.33333334,0.25,88.0,-1.0997572,1.0,0.6,0.0,0.3333333333333333,1,L
683610,3.0,0.0,0.25,88.0,36.744583,1.0,0.6,0.0,0.5,1,L
687084,3.8,0.0,0.25,88.0,-2.3970397,0.6,0.6,0.0,0.0,0,R
691268,3.8,0.0,0.25,88.0,-4.205263,0.6,0.6,0.0,0.0,0,R
815520,3.8,0.0,0.25,88.0,-6.028055,0.6,0.6,0.0,0.0,0,L
702652,3.8,1.0,0.25,88.0,12.397657,0.6,0.6,0.0,1.0,0,L
621006,4.0,0.0,0.25,88.0,-17.733778,0.0,0.0,0.0,0.0,0,R
815654,8.0,0.0,0.25,88.0,-8.292188,0.0,0.0,0.0,0.0,0,L
695372,3.0,0.0,0.25,88.0,2.5473685,0.0,0.0,0.0,0.0,0,R
676070,10.866667,0.25555557,0.25,85.184616,-2.8430324,0.3,0.0,0.16981132075471697,0.14893617021276595,0,R
815074,3.8,0.0,0.25,88.0,-7.040477,0.6,0.6,0.0,0.0,0,R
699157,5.0,0.0,0.25,88.0,2.32,0.0,0.6,0.0,0.0,0,R
691938,2.0,0.33333334,0.25,88.0,-4.3533726,0.5,0.6,0.5,0.0,1,R
669233,3.8,0.5,0.25,88.0,-5.94,0.6,0.6,0.0,0.5,0,R
694815,13.666667,0.6666667,0.25,88.0,-4.6752486,0.6666666666666666,0.6,0.5,0.3,1,L
696264,4.0,1.0,0.25,88.0,-4.792308,1.0,0.6,0.0,0.5,1,R
702708,5.0,0.33333334,0.25,88.0,-11.72,0.5,1.0,0.0,0.2,1,R
822624,3.8,1.0,0.25,88.0,5.64,0.6,0.6,0.0,1.0,0,R
696145,8.0,0.0,0.25,88.0,-15.142858,0.0,0.6,0.0,0.0,0,R
699305,1.3333334,0.0,0.25,88.0,-7.806451,0.0,0.6,0.0,0.0,0,R
828318,3.8,1.0,0.25,88.0,3.3244143,0.6,0.6,0.0,1.0,0,R
683169,2.75,0.33333334,0.25,88.0,-0.5789474,0.25,0.0,0.0,0.25,0,R
671155,4.0,0.5,0.25,88.0,-4.014085,0.0,0.6,0.0,0.5,0,R
808141,3.8,0.0,0.25,88.0,-6.3701606,0.6,0.6,0.0,0.0,0,L
800231,6.0,0.0,0.25,88.0,0.07397807,0.0,0.6,0.0,0.0,0,L
687625,6.5,0.16666667,0.25,76.06364,-6.0657644,0.25,1.0,0.3333333333333333,0.0,1,L
670148,3.6666667,0.8,0.25,88.0,-7.6897435,0.6666666666666666,0.6,0.6666666666666666,1.0,0,L
640458,8.75,0.36842105,0.25,77.6,-1.6784422,0.3,0.6,0.42857142857142855,0.21621621621621623,1,R
811718,4.0,0.0,0.25,88.0,-1.0018519,0.0,0.0,0.0,0.0,0,L
647378,3.8,0.0,0.25,88.0,-7.7599306,0.6,0.6,0.0,0.0,0,L
702789,4.0,0.0,0.25,88.0,-3.1845615,0.0,0.6,0.0,0.0,0,R
690448,5.75,1.0,0.25,88.0,0.02308774,0.5,0.6,1.0,0.25,1,R
676205,3.0,0.0,0.25,88.0,-1.293852,0.0,0.6,0.0,0.0,0,R
815829,3.8,0.0,0.25,88.0,-6.527461,0.6,0.6,0.0,0.0,0,L
664874,10.808511,0.2644628,0.25,85.40714,-0.6268534,0.1,0.6,0.21333333333333335,0.15853658536585366,0,R
682192,7.5,0.0,0.25,88.0,-1.5934782,0.0,0.6,0.0,0.0,0,R
657675,3.8,1.0,0.25,88.0,6.9654326,0.6,0.6,1.0,0.0,0,L
691001,3.75,0.14285715,0.25,88.0,5.4223604,0.25,0.6,0.0,0.2222222222222222,0,L
694310,3.8,0.0,0.25,88.0,6.5876813,0.6,0.6,0.0,0.0,0,R
800953,3.8,0.0,0.25,88.0,-3.5304346,0.6,0.6,0.0,0.0,0,L
681323,3.0,0.0,0.25,88.0,-2.6860871,0.0,0.6,0.0,0.0,0,L
684081,2.75,0.0,0.25,88.0,10.130434,0.25,0.6,0.5,0.0,1,R
689456,5.0,0.0,0.25,88.0,-0.5913043,0.0,0.6,0.0,0.0,0,L
681495,3.0,0.0,0.25,88.0,-1.7315216,0.0,0.6,0.0,0.0,0,R
681581,2.8333333,0.2,0.25,88.0,-3.7345116,0.16666666666666666,0.0,0.0,0.25,0,L
623205,9.325582,0.2888889,0.25,73.77778,-0.7734612,0.1,0.0,0.24,0.13636363636363635,0,R
806986,3.8,0.0,0.25,88.0,-5.055177,0.6,0.6,0.0,0.0,0,R
695342,3.3333333,0.5,0.25,88.0,1.101087,0.5,0.6,0.0,0.5,1,R
686958,6.5,0.0,0.25,88.0,-3.64,0.0,0.6,0.0,0.0,0,R
667663,2.2222223,0.1,0.25,88.0,5.915874,0.0,0.6,0.0,0.1111111111111111,0,R
809860,3.8,0.0,0.25,88.0,5.815385,0.6,0.6,0.0,0.0,0,R
801887,6.0,0.5,0.25,88.0,-13.011111,1.0,1.0,0.0,0.5,1,L
804240,2.5,1.0,0.25,88.0,-5.146539,0.5,0.0,0.0,1.0,0,R
685332,3.6666667,0.5,0.25,88.0,-2.7332954,0.6666666666666666,0.6,1.0,0.3333333333333333,2,L
696281,6.5,0.0,0.25,88.0,-3.5021503,0.0,0.6,0.0,0.0,0,L
802531,3.8,0.0,0.25,88.0,3.2713041,0.6,0.6,0.0,0.0,0,L
814514,3.8,1.0,0.25,88.0,15.218063,0.6,0.6,0.0,1.0,0,L
680862,13.16129,0.2580645,0.25,85.75714,-0.715084,0.4,0.6,0.1891891891891892,0.18461538461538463,3,R
806005,3.6666667,0.0,0.25,88.0,-5.095642,0.0,0.6,0.0,0.0,0,R
680519,3.0,0.0,0.25,88.0,0.8119109,0.0,0.6,0.0,0.0,0,L
682775,5.0,0.0,0.25,88.0,19.821428,0.0,0.6,0.0,0.0,0,R
668472,16.186813,0.44444445,0.25,88.0,-1.0248035,0.7,0.6,0.23376623376623376,0.24369747899159663,4,L
668663,4.285714,0.33333334,0.25,78.2,-10.49881,0.2857142857142857,0.6,0.25,0.25,2,R
823817,3.8,0.3,0.25,88.0,0.0,0.6,0.6,0.26,0.26,0,L
694848,6.0,0.6666667,0.25,88.0,2.1119046,0.3333333333333333,0.6,0.5,0.2,0,L
702264,9.0,0.0,0.25,88.0,-8.574936,0.0,0.0,0.0,0.0,0,L
694187,1.0,0.0,0.25,88.0,3.2545455,0.0,0.6,0.0,0.0,0,R
689531,2.5,1.0,0.25,88.0,6.4527264,0.5,0.6,1.0,1.0,0,L
805956,3.8,0.0,0.25,88.0,10.916037,0.6,0.6,0.0,0.0,0,L
687310,4.0,0.0,0.25,88.0,-0.5934784,0.0,0.6,0.0,0.0,0,R
694204,3.8,0.3,0.25,88.0,-4.5748706,0.6,0.6,0.26,0.26,0,R
696083,3.8,1.0,0.25,88.0,-3.6958876,0.6,0.6,0.0,1.0,0,R
821690,3.8,0.0,0.25,88.0,-3.51683,0.6,0.6,0.0,0.0,0,R
801442,4.75,0.5,0.25,88.0,-0.6448052,0.75,0.6,0.0,0.5,2,L
702601,3.8,0.0,0.25,88.0,-1.4534142,0.6,0.6,0.0,0.0,0,R
703519,3.8,0.0,0.25,88.0,-4.460425,0.6,0.6,0.0,0.0,0,R
694939,3.8,0.3,0.25,88.0,-8.975,0.6,0.6,0.26,0.26,0,L
678099,5.0,0.0,0.25,88.0,-1.7956097,0.0,0.6,0.0,0.0,0,L
701860,6.0,0.0,0.25,88.0,-6.2000003,0.0,0.0,0.0,0.0,0,L
703159,6.0,0.33333334,0.25,88.0,-3.606029,0.3333333333333333,0.6,0.0,0.2,0,R
809372,3.8,0.0,0.25,88.0,3.4677076,0.6,0.6,0.0,0.0,0,L
695603,9.666667,0.4,0.25,88.0,-7.4184628,0.6666666666666666,0.0,0.0,0.25,0,R
672696,7.3333335,1.0,0.25,88.0,5.0318136,0.6666666666666666,0.0,1.0,0.4,0,R
701648,1.0,0.0,0.25,88.0,2.2806754,0.0,0.6,0.0,0.0,0,L
803385,7.0,0.6666667,0.25,88.0,4.9730883,1.0,0.6,0.5,1.0,1,L
690474,2.0,0.0,0.25,88.0,-6.755556,0.0,0.6,0.0,0.0,0,R
801881,6.0,0.33333334,0.25,88.0,-9.617443,0.5,0.6,0.0,0.3333333333333333,1,L
676053,3.3333333,0.5,0.25,88.0,0.27494293,0.3333333333333333,0.6,0.3333333333333333,0.0,0,L
680118,10.343137,0.37804878,0.25,68.36429,0.18453006,0.5,0.0,0.29245283018867924,0.26666666666666666,0,R
683103,4.0,0.0,0.25,88.0,0.44151378,0.0,0.6,0.0,0.0,0,R
663445,3.8,1.0,0.25,88.0,12.462963,0.6,0.6,1.0,0.0,0,R
699027,3.8,0.3,0.25,88.0,38.33506,0.6,0.6,0.26,0.26,0,R
681377,2.3333333,1.0,0.25,88.0,23.086365,0.3333333333333333,0.6,1.0,0.0,0,R
681036,3.8,0.3,0.25,88.0,5.260399,0.6,0.6,0.26,0.26,0,L
800476,3.8,0.0,0.25,88.0,-3.9215505,0.6,0.6,0.0,0.0,0,L
542208,10.662162,0.30508474,0.25,86.24167,-0.45785666,0.4,1.0,0.30337078651685395,0.17894736842105263,1,R
685712,3.8,0.3,0.25,88.0,0.0,0.6,0.6,0.26,0.26,0,R
703602,3.8,0.0,0.25,88.0,-3.1,0.6,0.6,0.0,0.0,0,R
699293,5.5,0.6666667,0.25,88.0,-0.5155515,1.0,0.6,0.0,0.5,2,L
701618,3.0,1.0,0.25,88.0,2.5648665,1.0,0.6,1.0,0.0,1,R
801561,3.8,1.0,0.25,88.0,8.40368,0.6,0.6,0.0,1.0,0,R
802407,3.5,0.0,0.25,88.0,-6.354694,0.0,0.6,0.0,0.0,0,L
687783,10.0,0.16666667,0.25,88.0,-2.8321943,0.5,0.6,0.0,0.16666666666666666,0,L
703204,3.8,0.3,0.25,88.0,-3.7183099,0.6,0.6,0.26,0.26,0,R
694838,7.3333335,1.0,0.25,88.0,3.9898667,0.6666666666666666,0.6,1.0,0.3333333333333333,1,L
690988,3.0,0.0,0.25,88.0,-0.7093897,0.0,0.6,0.0,0.0,0,L
681146,14.881579,0.3321033,0.25,84.37273,-0.07690017,0.2,0.6,0.2023121387283237,0.25769230769230766,0,R
700243,1.0,1.0,0.25,88.0,-5.1232557,1.0,0.6,0.0,1.0,1,R
695501,8.5,0.0,0.25,88.0,0.7817879,0.5,0.0,0.0,0.25,0,L
669386,3.8,1.0,0.25,88.0,9.741612,0.6,0.6,0.0,1.0,0,L
669219,4.0,0.0,0.25,88.0,-3.509457,0.0,0.0,0.0,0.0,0,L
815888,6.0,0.6666667,0.25,88.0,-2.0371983,0.5,0.6,0.0,0.5,1,L
665506,10.902655,0.3642384,0.25,77.7375,-0.55871165,0.4,0.0,0.2543352601156069,0.15384615384615385,0,R
702544,3.8,0.0,0.25,88.0,3.6475601,0.6,0.6,0.0,0.0,0,R
660634,8.133333,0.2631579,0.25,72.8,-2.816052,0.2,0.6,0.375,0.09523809523809523,0,L
669200,10.394737,0.3469388,0.25,85.68667,0.46060023,0.2,0.0,0.17647058823529413,0.2054794520547945,0,R
677578,6.0,0.5,0.25,88.0,1.9721857,0.42857142857142855,0.0,0.0,0.6,0,L
814696,3.8,0.0,0.25,88.0,-10.228608,0.6,0.6,0.0,0.0,0,R
680911,12.389831,0.36437246,0.25,72.53571,-0.2397949,0.3,0.6,0.2892561983471074,0.25316455696202533,0,R
813916,3.8,0.0,0.25,88.0,-5.337744,0.6,0.6,0.0,0.0,0,R
814409,11.0,0.6,0.25,88.0,3.7166967,1.0,0.6,0.0,0.6,1,R
675455,7.2,0.2857143,0.25,80.48889,-0.4351741,0.4,0.6,0.3333333333333333,0.16666666666666666,0,L
685744,7.3333335,0.33333334,0.25,88.0,-0.80234814,0.0,0.6,0.5,0.0,0,R
657077,16.384394,0.30448064,0.25,78.472725,-0.32923412,0.4,0.0,0.22822822822822822,0.2572314049586777,0,L
701496,6.0,0.2857143,0.25,88.0,1.4377955,0.16666666666666666,0.6,0.2,0.16666666666666666,0,R
702656,3.8,0.0,0.25,88.0,-5.413993,0.6,0.6,0.0,0.0,0,R
695763,3.8,0.0,0.25,88.0,-7.215319,0.6,0.6,0.0,0.0,0,R
643565,15.769231,0.34398782,0.25,82.778946,0.36125797,0.4,0.0,0.2529411764705882,0.2596754057428215,0,L
675085,8.0,0.33333334,0.25,88.0,1.9900651,0.3333333333333333,0.0,0.0,0.2727272727272727,0,R
669261,15.089966,0.2973568,0.25,85.15,-0.15699299,0.5,0.6,0.1927710843373494,0.20114122681883023,0,L
676369,14.025424,0.30927834,0.25,84.382355,0.22866495,0.3,0.6,0.22935779816513763,0.22641509433962265,1,R
678010,14.0,0.5,0.25,88.0,-2.4097493,0.3333333333333333,1.0,0.0,0.16666666666666666,1,L
669222,12.553673,0.30674848,0.25,78.21875,0.06786206,0.2,0.6,0.3050847457627119,0.19020172910662825,0,R
690914,4.6666665,0.25,0.25,88.0,-5.049705,0.3333333333333333,1.0,0.0,0.25,1,R
700164,4.0,1.0,0.25,88.0,35.115913,0.5,1.0,0.0,0.6666666666666666,1,L
802959,8.0,0.0,0.25,88.0,-0.8027775,0.0,0.6,0.0,0.0,0,R
805804,3.8,0.0,0.25,88.0,-1.3834089,0.6,0.6,0.0,0.0,0,L
694222,4.6666665,1.0,0.25,88.0,2.3277788,0.6666666666666666,1.0,0.5,0.3333333333333333,1,R
808298,3.8,0.0,0.25,88.0,-3.3647945,0.6,0.6,0.0,0.0,0,R
700178,3.8,0.0,0.25,88.0,0.0,0.6,0.6,0.0,0.0,0,L
699115,3.8,0.5,0.25,88.0,2.0811188,0.6,0.6,0.0,0.5,0,L
677943,7.0,0.5,0.25,74.86,-9.193397,0.2,0.0,0.25,0.18181818181818182,0,R
815723,3.8,0.0,0.25,88.0,1.6613944,0.6,0.6,0.0,0.0,0,L
672463,5.3333335,0.33333334,0.25,88.0,0.47074577,0.5,0.0,0.25,0.5,0,R
703154,4.3333335,0.0,0.25,88.0,0.32668293,0.0,0.6,0.0,0.0,0,R
702547,3.8,0.0,0.25,88.0,-1.3556944,0.6,0.6,0.0,0.0,0,R
699712,3.8,0.3,0.25,88.0,-2.7843013,0.6,0.6,0.26,0.26,0,R
676463,5.75,0.25,0.25,88.0,1.9578943,0.0,0.6,0.0,0.2,0,L
691398,4.0,0.0,0.25,88.0,-7.4605436,0.0,0.6,0.0,0.0,0,L
829748,3.8,0.0,0.25,88.0,6.7886615,0.6,0.6,0.0,0.0,0,L
701520,3.8,0.3,0.25,88.0,-4.0666666,0.6,0.6,0.26,0.26,0,L
680769,9.25,0.23529412,0.25,79.45333,-4.710672,0.4,0.6,0.0,0.13793103448275862,0,L
676203,3.6666667,0.33333334,0.25,88.0,9.685,0.3333333333333333,0.5,0.0,0.25,0,R
829716,3.8,0.0,0.25,88.0,-0.07569342,0.6,0.6,0.0,0.0,0,L
805964,3.8,0.3,0.25,88.0,-9.647874,0.6,0.6,0.26,0.26,0,R
680636,10.75,0.0,0.25,88.0,-3.068688,0.0,0.0,0.0,0.0,0,R
694378,1.0,0.5,0.25,88.0,-11.459018,1.0,0.6,0.0,1.0,1,L
814410,3.8,0.0,0.25,88.0,3.4275002,0.6,0.6,0.0,0.0,0,R
702140,7.0,2.0,0.25,88.0,3.0897975,0.6666666666666666,0.0,1.0,0.4,0,R
671272,3.0,0.25,0.25,88.0,-0.40195024,0.0,0.6,0.0,0.2,0,L
692944,2.0,0.5,0.25,88.0,-4.0275345,1.0,1.0,0.0,0.5,1,R
813842,9.0,0.0,0.25,88.0,-5.8161464,0.0,0.0,0.0,0.0,0,R
823719,4.0,0.0,0.25,88.0,-2.4791667,0.0,0.0,0.0,0.0,0,R
808067,7.0,0.0,0.25,88.0,-4.084338,0.0,0.0,0.0,0.0,0,R
687749,11.666667,0.33333334,0.25,88.0,-0.8239246,0.3333333333333333,0.5,0.25,0.0,1,R
680518,5.428571,0.6666667,0.25,88.0,3.9390528,0.7142857142857143,0.6,1.0,0.4444444444444444,1,L
691621,14.0,0.33333334,0.25,88.0,3.3963692,1.0,0.6,0.0,0.3333333333333333,1,R
806994,7.0,0.6666667,0.25,88.0,-2.465625,1.0,1.0,1.0,0.0,1,R
814411,3.8,0.0,0.25,88.0,1.2399178,0.6,0.6,0.0,0.0,0,L
681047,8.0,0.25,0.25,83.24,-3.601572,0.4,0.5,0.0,0.2,1,R
815904,2.0,0.0,0.25,88.0,-9.084315,0.0,0.6,0.0,0.0,0,R
808233,3.8,0.0,0.25,88.0,-1.2862277,0.6,0.6,0.0,0.0,0,R
811948,3.8,0.3,0.25,88.0,-5.487401,0.6,0.6,0.26,0.26,0,R
669304,12.911111,0.33723652,0.25,81.23684,-0.0658983,0.5,0.5,0.22905027932960895,0.2942643391521197,1,R
810891,3.5,0.33333334,0.25,88.0,0.44374996,0.0,0.0,0.0,0.25,0,R
829035,3.8,1.0,0.25,88.0,1.959375,0.6,0.6,0.0,1.0,0,L
695078,2.5,1.0,0.25,88.0,8.875271,0.5,1.0,0.0,0.6666666666666666,1,L
683454,4.75,0.0,0.25,88.0,-4.17963,0.0,0.6,0.0,0.0,0,R
800432,3.8,0.0,0.25,88.0,0.11615261,0.6,0.6,0.0,0.0,0,R
828116,3.8,0.0,0.25,88.0,0.91459846,0.6,0.6,0.0,0.0,0,L
694206,3.0,0.0,0.25,88.0,-4.845779,0.0,0.0,0.0,0.0,0,R
683301,3.8,0.0,0.25,88.0,-4.985714,0.6,0.6,0.0,0.0,0,R
687069,6.25,0.0,0.25,88.0,-1.2878807,0.0,0.0,0.0,0.0,0,R
691408,3.6666667,0.0,0.25,88.0,4.808572,0.0,0.6,0.0,0.0,0,R
695596,4.0,0.0,0.25,88.0,-3.4744446,0.0,0.6,0.0,0.0,0,R
676566,5.3333335,1.0,0.25,88.0,-2.225163,0.3333333333333333,1.0,0.0,0.5,1,R
676466,7.4545455,0.42857143,0.25,83.98889,-0.76674503,0.5,0.6,0.23076923076923078,0.42857142857142855,3,R
702176,11.185185,0.26262626,0.25,87.225,0.019807834,0.4,0.0,0.13636363636363635,0.1968503937007874,0,L
815874,3.8,0.0,0.25,88.0,-2.9562557,0.6,0.6,0.0,0.0,0,L
800176,4.0,0.0,0.25,88.0,-2.753794,0.0,0.6,0.0,0.0,0,R
829712,5.0,0.0,0.25,88.0,-7.4156017,0.0,0.0,0.0,0.0,0,R
805953,3.8,0.0,0.25,88.0,-3.3285487,0.6,0.6,0.0,0.0,0,L
676572,13.939394,0.34366927,0.25,83.6875,-0.13102882,0.8,1.0,0.28125,0.25277777777777777,2,R
825159,3.8,0.3,0.25,88.0,6.9189043,0.6,0.6,0.26,0.26,0,R
681134,10.0,0.42857143,0.25,78.59333,1.377828,0.5,0.0,0.0,0.375,0,L
691422,3.8,0.0,0.25,88.0,3.4038463,0.6,0.6,0.0,0.0,0,L
681941,3.8,0.0,0.25,88.0,-4.4666667,0.6,0.6,0.0,0.0,0,R
701062,1.0,0.0,0.25,88.0,8.763228,1.0,1.0,0.5,0.0,1,R
695426,3.8,0.0,0.25,88.0,1.1748052,0.6,0.6,0.0,0.0,0,R
815653,6.0,1.0,0.25,88.0,-4.626356,0.5,1.0,0.3333333333333333,0.0,1,L
687260,2.0,0.0,0.25,88.0,-7.5400004,0.0,0.6,0.0,0.0,0,R
806982,3.8,0.0,0.25,88.0,-6.665455,0.6,0.6,0.0,0.0,0,R
813930,3.8,0.0,0.25,88.0,-5.5078716,0.6,0.6,0.0,0.0,0,L
813400,1.0,0.0,0.25,88.0,-6.4690003,0.0,0.0,0.0,0.0,0,R
702461,3.0,0.6666667,0.25,88.0,-6.3776107,0.6666666666666666,0.6,0.5,0.3333333333333333,0,L
680753,4.4,0.75,0.25,84.666664,-0.5550771,0.4,0.6,1.0,0.3333333333333333,1,R
814408,3.8,0.0,0.25,88.0,2.948017,0.6,0.6,0.0,0.0,0,R
829791,3.8,0.0,0.25,88.0,-2.5202885,0.6,0.6,0.0,0.0,0,R
801957,3.8,1.0,0.25,88.0,3.515625,0.6,0.6,0.0,1.0,0,R
699228,6.0,0.4,0.25,88.0,7.191823,0.16666666666666666,0.0,0.25,0.2,0,L
809844,3.8,0.0,0.25,88.0,-0.893914,0.6,0.6,0.0,0.0,0,L
676679,8.885715,0.26086956,0.25,80.55454,-2.4508152,0.4,0.0,0.18421052631578946,0.1702127659574468,0,R
683061,8.666667,0.5,0.25,83.10667,3.2568586,0.3333333333333333,0.0,0.0,0.5,0,L
702995,3.8,1.0,0.25,88.0,3.2212212,0.6,0.6,1.0,0.0,0,R
694214,5.0,1.0,0.25,88.0,-2.9219472,0.3333333333333333,0.6,1.0,0.3333333333333333,1,L
820989,3.8,0.0,0.25,88.0,-1.6504344,0.6,0.6,0.0,0.0,0,R
682003,3.8,0.3,0.25,88.0,33.346146,0.6,0.6,0.26,0.26,0,R
695521,7.0,0.42857143,0.25,77.97692,-1.8244638,0.2857142857142857,0.6,0.0,0.3333333333333333,0,L
811312,3.8,0.0,0.25,88.0,0.0,0.6,0.6,0.0,0.0,0,R
834685,7.0,0.0,0.25,88.0,0.9403846,0.0,0.0,0.0,0.0,0,R
689822,3.8,0.3,0.25,88.0,-2.97516,0.6,0.6,0.26,0.26,0,L
688875,8.5,0.0,0.25,88.0,-1.1903325,0.0,0.0,0.0,0.0,0,R
829997,3.8,0.0,0.25,88.0,-8.476923,0.6,0.6,0.0,0.0,0,L
694469,6.0,0.0,0.25,88.0,1.6175816,0.0,0.0,0.0,0.0,0,L
703563,3.8,0.0,0.25,88.0,-0.78125,0.6,0.6,0.0,0.0,0,L
800029,3.5,1.0,0.25,88.0,-4.1636267,0.0,0.6,0.0,0.3333333333333333,0,R
804645,2.0,0.75,0.25,88.0,7.4212,1.0,0.6,1.0,0.6666666666666666,2,L
687066,7.0,0.0,0.25,88.0,3.7185714,0.0,0.6,0.0,0.0,0,R
690958,2.0,1.0,0.25,88.0,1.9973683,1.0,0.6,0.0,0.3333333333333333,1,R
828395,3.8,0.0,0.25,88.0,-4.942205,0.6,0.6,0.0,0.0,0,R
823918,7.0,1.0,0.25,88.0,-0.07740903,1.0,1.0,0.0,1.0,1,L
699127,12.0,0.0,0.25,88.0,-5.4910955,0.0,0.6,0.0,0.0,0,L
694580,8.0,0.0,0.25,88.0,-4.7969146,0.0,0.0,0.0,0.0,0,R
703158,3.8,0.5,0.25,88.0,2.0250113,0.6,0.6,0.0,0.5,0,L
674441,10.128205,0.26415095,0.25,80.52143,-1.5653565,0.1,0.6,0.09090909090909091,0.18309859154929578,0,L
681987,9.825397,0.33684212,0.25,79.457146,-0.97281396,0.6,0.0,0.22857142857142856,0.2073170731707317,0,R
687521,6.5,0.25,0.25,88.0,0.39917305,0.25,0.0,0.0,0.14285714285714285,0,R
666158,14.366198,0.36528927,0.25,72.98462,-0.53083074,0.7,1.0,0.19607843137254902,0.27933673469387754,6,L
665846,5.8,0.44444445,0.25,88.0,-0.56995994,0.6,0.6,0.5,0.2857142857142857,1,R
624523,7.6666665,0.6666667,0.25,88.0,2.2975292,0.6666666666666666,1.0,0.0,0.3333333333333333,2,L
686445,8.5,0.5,0.25,88.0,-3.342805,0.5,1.0,0.5,0.0,1,L
624415,13.387851,0.30057803,0.25,83.4,-0.31079012,0.3,0.0,0.24444444444444444,0.1983640081799591,0,L
672018,3.25,0.0,0.25,88.0,-4.859216,0.0,0.0,0.0,0.0,0,R
666163,12.424731,0.2791411,0.25,70.74117,-0.9025568,0.4,0.0,0.22058823529411764,0.19951338199513383,0,L
800345,6.0,0.0,0.25,88.0,-0.95254964,0.0,0.0,0.0,0.0,0,R
801464,3.8,1.0,0.25,88.0,-2.459842,0.6,0.6,1.0,0.0,0,R
807957,6.0,0.6666667,0.25,88.0,-1.0454115,0.5,0.6,0.0,0.5,0,R
686676,11.684849,0.3043478,0.25,76.4125,-1.4205914,0.3,0.6,0.19548872180451127,0.21114369501466276,0,R
802506,5.75,0.0,0.25,88.0,-1.084914,0.0,0.0,0.0,0.0,0,L
680890,4.3333335,0.0,0.25,88.0,0.892377,0.0,0.0,0.0,0.0,0,L
801670,7.0,0.0,0.25,88.0,-1.7260591,0.0,0.6,0.0,0.0,0,L
680577,9.25532,0.2,0.25,75.52778,-2.0780642,0.1,0.6,0.045454545454545456,0.16279069767441862,0,L
800712,3.8,0.0,0.25,88.0,-2.1812387,0.6,0.6,0.0,0.0,0,L
701392,3.0,0.5,0.25,88.0,1.1493326,1.0,0.6,0.0,0.5,1,R
691292,5.0,0.5,0.25,88.0,-1.0674578,0.0,0.6,0.0,0.3333333333333333,0,L
682983,6.75,0.5,0.25,88.0,0.71496207,0.25,0.5,0.0,0.2,0,R
676480,12.333333,0.3272727,0.25,75.97895,1.0280099,0.1,0.0,0.1875,0.21875,0,R
702582,14.0,1.0,0.25,88.0,-3.0064416,1.0,1.0,0.0,0.5,1,L
686541,5.0,0.33333334,0.25,88.0,-0.13834351,0.5,0.0,0.0,0.3333333333333333,0,R
678877,10.386364,0.30177516,0.25,86.94,0.7984286,0.3,0.5,0.22448979591836735,0.203125,0,R
695462,4.5454545,0.45454547,0.25,86.39167,-0.53357357,0.4,0.5,0.5,0.29411764705882354,0,R
808273,3.8,0.0,0.25,88.0,6.2210937,0.6,0.6,0.0,0.0,0,R
691913,1.0,0.0,0.25,88.0,-2.9544775,0.0,0.6,0.0,0.0,0,R
815586,3.8,0.0,0.25,88.0,-5.058282,0.6,0.6,0.0,0.0,0,R
682868,12.9,0.2857143,0.25,76.325,-0.43960693,0.6,0.5,0.21428571428571427,0.225,1,R
608841,15.940426,0.34536892,0.25,83.919044,-0.40231878,0.3,0.0,0.2627450980392157,0.2664576802507837,0,R
815394,3.8,0.0,0.25,88.0,4.7220407,0.6,0.6,0.0,0.0,0,L
683546,3.8,0.0,0.25,88.0,-2.182353,0.6,0.6,0.0,0.0,0,L
801126,6.0,0.5,0.25,88.0,24.43677,0.5,0.6,1.0,0.2857142857142857,0,L
542194,11.496732,0.31768954,0.25,78.25,-0.38775212,0.3,1.0,0.2288135593220339,0.23214285714285715,1,R
681400,6.5,0.0,0.25,88.0,-3.38463,0.0,0.6,0.0,0.0,0,R
681526,3.8,0.0,0.25,88.0,-2.0283608,0.6,0.6,0.0,0.0,0,R
691262,3.8,0.0,0.25,88.0,2.0169013,0.6,0.6,0.0,0.0,0,R
806956,2.5,0.0,0.25,88.0,-2.9686275,0.0,0.6,0.0,0.0,0,L
800391,3.8,1.0,0.25,88.0,2.8235917,0.6,0.6,0.0,0.5,0,L
703804,4.0,0.0,0.25,88.0,5.447059,0.0,0.0,0.0,0.0,0,L
800371,3.8,0.0,0.25,88.0,-11.746564,0.6,0.6,0.0,0.0,0,R
692657,3.5,0.33333334,0.25,88.0,3.5807064,0.0,0.6,0.0,0.5,0,L
800272,3.8,0.0,0.25,88.0,-7.2205887,0.6,0.6,0.0,0.0,0,L
699061,3.0,0.0,0.25,88.0,-5.7912283,0.0,0.0,0.0,0.0,0,R
691627,3.8,1.0,0.25,88.0,12.760526,0.6,0.6,0.0,1.0,0,R
806959,4.0,0.0,0.25,88.0,-14.264999,0.0,0.0,0.0,0.0,0,R
688394,2.6666667,0.0,0.25,88.0,-7.844258,0.0,0.6,0.0,0.0,0,R
814453,3.8,0.0,0.25,88.0,2.9932775,0.6,0.6,0.0,0.0,0,L
805763,4.0,0.0,0.25,88.0,-14.601008,0.0,0.0,0.0,0.0,0,R
686960,3.8,0.0,0.25,88.0,-2.1272728,0.6,0.6,0.0,0.0,0,R
667240,4.0,0.0,0.25,88.0,-1.8608613,0.0,0.6,0.0,0.0,0,R
808571,4.0,1.0,0.25,88.0,-4.3227277,1.0,1.0,0.0,1.0,1,R
800256,3.8,0.0,0.25,88.0,-9.381819,0.6,0.6,0.0,0.0,0,L
702463,4.0,0.0,0.25,88.0,2.5508347,0.0,0.6,0.0,0.0,0,R
821613,2.0,0.0,0.25,88.0,-4.3812647,0.0,0.0,0.0,0.0,0,R
694318,3.8,0.0,0.25,88.0,0.05412686,0.6,0.6,0.0,0.0,0,R
691191,3.8,0.0,0.25,88.0,-2.9970257,0.6,0.6,0.0,0.0,0,R
814188,5.6666665,0.6,0.25,88.0,10.227193,0.6666666666666666,0.5,0.0,0.6,0,L
695634,3.8,0.0,0.25,88.0,-6.0421057,0.6,0.6,0.0,0.0,0,R
829939,3.8,0.3,0.25,88.0,0.0,0.6,0.6,0.26,0.26,0,L
702668,3.8,0.0,0.25,88.0,-6.6361055,0.6,0.6,0.0,0.0,0,R
821112,4.0,0.0,0.25,88.0,-2.9233365,0.0,0.0,0.0,0.0,0,L
827517,5.0,0.5,0.25,88.0,-1.593642,1.0,1.0,0.0,0.5,1,R
814436,4.0,0.5,0.25,88.0,-0.66747355,0.0,0.0,0.0,0.3333333333333333,0,R
656308,10.461538,0.44,0.25,77.37334,-2.60966,0.4,0.6,0.27692307692307694,0.20689655172413793,0,R
694186,7.6666665,0.0,0.25,88.0,-3.4743557,0.0,0.6,0.0,0.0,0,L
805062,5.0,0.0,0.25,88.0,-6.803993,0.0,0.0,0.0,0.0,0,R
677342,1.0,0.0,0.25,88.0,1.3031864,0.0,0.6,0.0,0.0,0,L
691183,3.8,0.0,0.25,88.0,-4.805805,0.6,0.6,0.0,0.0,0,R
691410,6.3333335,0.0,0.25,88.0,-3.9535716,0.0,0.0,0.0,0.0,0,R
672613,3.75,0.33333334,0.25,88.0,6.562213,0.25,0.0,0.0,0.3333333333333333,0,L
703673,3.8,0.5,0.25,88.0,0.99937963,0.6,0.6,0.0,0.5,0,L
690961,6.6666665,0.0,0.25,88.0,3.8696423,0.0,0.0,0.0,0.0,0,L
821696,3.8,0.0,0.25,88.0,-0.71952486,0.6,0.6,0.0,0.0,0,R
801537,3.8,0.0,0.25,88.0,-3.2132204,0.6,0.6,0.0,0.0,0,L
683770,9.46875,0.21568628,0.25,79.63158,-3.2043116,0.3,0.6,0.2727272727272727,0.11267605633802817,0,L
807080,3.8,0.0,0.25,88.0,-3.003681,0.6,0.6,0.0,0.0,0,L
656413,10.369458,0.33,0.25,79.4,0.54444706,0.7,1.0,0.26180257510729615,0.19245283018867926,2,R
650559,15.807927,0.35466668,0.25,88.71667,-0.003244996,0.4,0.6666666666666666,0.29393939393939394,0.23863636363636365,2,R
815535,3.8,0.0,0.25,88.0,7.718366,0.6,0.6,0.0,0.0,0,L
671117,5.2222223,0.5833333,0.28036365,78.23529,1.5491343,0.5555555555555556,0.0,0.0,0.4666666666666667,0,L
695612,6.6666665,0.5,0.25,88.0,2.1478572,0.3333333333333333,1.0,0.25,0.0,1,R
823702,2.0,0.0,0.25,88.0,6.40495,0.0,0.0,0.0,0.0,0,L
686551,5.3333335,0.33333334,0.25,88.0,-3.5978384,0.16666666666666666,0.3333333333333333,0.0,0.16666666666666666,0,R
692371,4.0,0.0,0.25,88.0,-9.92381,0.0,0.6,0.0,0.0,0,R
687867,5.75,0.4,0.25,88.0,3.0323253,0.25,0.3333333333333333,0.0,0.2,1,L
592273,15.103448,0.3299595,0.25,82.54737,-0.14533891,0.6,0.0,0.23737373737373738,0.237012987012987,0,R
808285,3.0,0.0,0.25,88.0,-5.9498253,0.0,0.0,0.0,0.0,0,R
689878,3.8,0.0,0.25,88.0,-3.533333,0.6,0.6,0.0,0.0,0,R
800325,8.0,0.44444445,0.25,85.62941,1.3794117,0.8333333333333334,0.6,0.0,0.38461538461538464,3,L
821075,3.8,0.0,0.25,88.0,-6.1587124,0.6,0.6,0.0,0.0,0,L
678894,13.445652,0.35031846,0.25,78.03333,-1.0708268,0.4,0.3333333333333333,0.2903225806451613,0.20207253886010362,0,R
686499,3.8,0.0,0.25,88.0,11.274846,0.6,0.6,0.0,0.0,0,L
702555,9.0,0.5,0.25,88.0,-6.11875,1.0,1.0,1.0,0.0,1,L
681123,6.6,0.25,0.25,79.14,-3.100617,0.2,0.0,0.0,0.14285714285714285,0,R
692585,11.563637,0.33333334,0.25,86.52105,-1.2741508,0.2,0.6,0.3,0.22137404580152673,0,L
806958,7.0,0.0,0.25,88.0,-5.4778185,0.0,0.6,0.0,0.0,0,L
800357,5.0,0.0,0.25,88.0,-8.152311,0.0,0.6,0.0,0.0,0,L
827294,11.0,0.6666667,0.25,88.0,0.24438429,1.0,1.0,1.0,0.5,1,L
803475,7.0,0.75,0.25,88.0,2.9210122,0.6666666666666666,1.0,1.0,0.5,2,R
835614,3.8,1.0,0.25,88.0,41.637707,0.6,0.6,0.0,1.0,0,R
808267,4.0,0.0,0.25,88.0,2.0058193,0.0,0.0,0.0,0.0,0,L
698916,3.8,0.0,0.25,88.0,2.7000003,0.6,0.6,0.0,0.0,0,R
808137,4.0,0.0,0.25,88.0,-14.04375,0.0,0.0,0.0,0.0,0,L
668843,11.075,0.39344263,0.25,80.90588,-0.22916415,0.4,1.0,0.4,0.225,2,L
806495,3.8,0.0,0.25,88.0,1.0799999,0.6,0.6,0.0,0.0,0,R
824615,5.0,1.0,0.25,88.0,0.8686725,0.0,0.6,0.0,0.5,0,R
689688,2.8,0.33333334,0.25,88.0,-6.187382,0.2,0.0,0.25,0.0,0,R
821657,3.8,0.3,0.25,88.0,-8.9375,0.6,0.6,0.26,0.26,0,L
810838,4.0,0.0,0.25,88.0,-5.3082514,0.0,0.0,0.0,0.0,0,R
815933,3.8,0.0,0.25,88.0,2.0398293,0.6,0.6,0.0,0.0,0,R
690944,3.8,0.0,0.25,88.0,5.7167034,0.6,0.6,0.0,0.0,0,R
661531,10.095238,0.2580645,0.25,76.183334,-2.4105158,0.2,0.0,0.08108108108108109,0.1780821917808219,0,R
811965,3.8,0.0,0.25,88.0,-0.8503742,0.6,0.6,0.0,0.0,0,R
687799,12.567568,0.3773585,0.25,80.72667,1.4562342,0.3,0.6,0.25925925925925924,0.23880597014925373,0,L
669439,3.8,1.0,0.25,88.0,-0.5749808,0.6,0.6,1.0,0.0,0,R
695720,10.0,0.5,0.25,88.0,2.2215385,0.0,0.0,1.0,0.0,0,R
688005,7.5,0.0,0.25,88.0,-3.6790893,0.0,0.6,0.0,0.0,0,R
663731,6.9411764,0.1764706,0.25,77.1,-1.6890302,0.3,0.0,0.09090909090909091,0.10526315789473684,0,R
668752,5.888889,0.22222222,0.25,78.91818,1.4623377,0.1111111111111111,0.0,0.0,0.15384615384615385,0,L
828084,3.8,0.3,0.25,88.0,-7.1,0.6,0.6,0.26,0.26,0,R
665828,13.067797,0.31764707,0.25,87.76667,-0.7836584,0.6,1.0,0.22424242424242424,0.25044091710758376,5,L
641658,10.491151,0.37278107,0.25,84.75833,-1.0649399,0.2,0.5,0.2350230414746544,0.25161290322580643,2,R
701394,4.0,0.0,0.25,88.0,-2.971403,0.0,0.0,0.0,0.0,0,R
670224,13.694445,0.33333334,0.25,76.43077,-0.2457517,0.4,0.0,0.15,0.21637426900584794,0,L
696486,10.5,0.0,0.25,88.0,-1.3805113,0.5,0.5,0.0,0.25,0,L
621028,11.373874,0.33471075,0.25,76.772224,-0.48637575,0.5,1.0,0.28793774319066145,0.256,1,R
678962,6.6,0.25,0.25,76.12857,-9.742226,0.4,0.0,0.25,0.16666666666666666,0,L
815792,5.5,0.5,0.25,88.0,-1.1744964,0.5,0.5,0.0,0.3333333333333333,1,R
642180,9.544827,0.3187773,0.25,79.48,-0.8827194,0.2,1.0,0.20754716981132076,0.24045801526717558,1,L
686523,4.0,0.25,0.25,88.0,-0.5839505,0.25,0.0,0.3333333333333333,0.0,0,R
670231,12.95082,0.28301886,0.25,77.5,-1.2195907,0.2,0.6,0.3,0.18791946308724833,0,L
621512,10.345238,0.30612245,0.25,81.08947,-3.4482646,0.8,0.5,0.19480519480519481,0.2222222222222222,0,R
685274,5.2,0.5,0.25,88.0,3.155221,0.2,0.25,0.5,0.0,0,L
681962,9.433333,0.19277108,0.25,83.26428,-2.6014524,0.3,0.0,0.16129032258064516,0.125,0,R
807511,3.8,0.3,0.25,88.0,-8.424778,0.6,0.6,0.26,0.26,0,L
801194,3.5,0.5,0.25,88.0,18.538,0.0,0.0,0.5,0.3333333333333333,0,R
806967,3.8,0.0,0.25,88.0,-2.8029742,0.6,0.6,0.0,0.0,0,L
647351,14.317204,0.30869564,0.25,77.36429,-0.00316995,0.5,1.0,0.28289473684210525,0.23700623700623702,1,L
691405,6.0,0.25,0.25,88.0,-2.9468942,1.0,1.0,0.0,0.3333333333333333,1,L
804911,3.8,0.0,0.25,88.0,-6.104768,0.6,0.6,0.0,0.0,0,L
821171,3.0,0.5,0.25,88.0,3.732639,1.0,0.6,0.0,1.0,1,R
666386,3.8,0.5,0.25,88.0,4.5210524,0.6,0.6,0.0,0.5,0,R
688457,5.0,0.25,0.25,88.0,-0.07102122,0.5,0.6,0.0,0.25,1,L
686683,5.0,0.0,0.25,88.0,-1.3809326,0.0,0.0,0.0,0.0,0,R
682276,4.0,0.0,0.25,88.0,-2.13373,0.0,0.6,0.0,0.0,0,R
808768,14.0,0.0,0.25,88.0,-1.9925001,0.0,0.0,0.0,0.0,0,L
694808,3.8,0.0,0.25,88.0,-1.8539838,0.6,0.6,0.0,0.0,0,L
805365,3.8,1.0,0.25,88.0,42.230286,0.6,0.6,0.0,1.0,0,L
807267,6.0,0.0,0.25,88.0,10.61,0.0,0.6,0.0,0.0,0,L
669360,4.714286,0.0,0.25,72.61,-0.057714224,0.0,0.0,0.0,0.0,0,L
702258,7.0,0.5714286,0.25,91.48333,0.44422972,0.6,0.0,0.5,0.3333333333333333,0,R
703175,3.8,0.3,0.25,88.0,-2.9158082,0.6,0.6,0.26,0.26,0,R
807083,3.8,0.0,0.25,88.0,-4.975392,0.6,0.6,0.0,0.0,0,L
809101,6.0,0.5,0.25,88.0,2.7831645,0.0,0.0,0.0,0.5,0,L
703641,5.0,0.0,0.25,88.0,3.7224998,0.0,0.0,0.0,0.0,0,R
806053,3.8,0.0,0.25,88.0,-16.122255,0.6,0.6,0.0,0.0,0,R
675915,3.4,0.0,0.25,88.0,19.778572,0.2,0.5,0.5,0.0,1,R
815896,7.5,0.5,0.25,88.0,-0.027637884,0.5,0.5,0.0,0.25,0,R
827637,3.8,0.0,0.25,88.0,-2.50625,0.6,0.6,0.0,0.0,0,L
689196,3.8,0.3,0.25,88.0,-0.26178467,0.6,0.6,0.26,0.26,0,R
684715,3.0,0.0,0.25,88.0,-3.80212,0.0,0.0,0.0,0.0,0,R
669911,15.758755,0.3341289,0.25,84.67647,-0.37366006,0.1,0.0,0.23247232472324722,0.20299500831946754,0,R
696160,4.8333335,0.5,0.25,88.0,-1.9761906,0.3333333333333333,0.6,0.0,0.4444444444444444,1,R
680664,3.8,1.0,0.25,88.0,-3.895909,0.6,0.6,0.0,1.0,0,R
592192,15.1254015,0.3358321,0.25,80.53125,0.013942029,0.3,0.0,0.25949367088607594,0.25,0,R
687201,5.4615383,0.33333334,0.25,88.0,-2.8802776,0.3,0.3333333333333333,0.3333333333333333,0.1875,0,R
685087,4.0,0.0,0.25,88.0,1.1129,0.0,0.0,0.0,0.0,0,R
808234,6.3333335,0.6666667,0.25,88.0,-0.4988849,0.3333333333333333,0.3333333333333333,0.0,0.4,0,R
689172,11.962264,0.31141868,0.25,80.9087,-0.18186031,0.3,0.5,0.3111111111111111,0.2,1,L
702518,6.0,0.0,0.25,88.0,-2.5944955,0.0,0.0,0.0,0.0,0,R
814522,11.0,0.0,0.25,88.0,-0.81372553,0.0,0.0,0.0,0.0,0,R
807714,6.0,1.0,0.25,88.0,-2.5157416,0.5,0.0,0.0,1.0,0,R
701771,3.8,0.0,0.25,88.0,0.0,0.6,0.6,0.0,0.0,0,R
702593,7.0,2.0,0.25,88.0,23.309362,1.0,1.0,0.0,1.0,1,L
802117,6.5,0.2,0.25,88.0,5.5316668,0.0,0.0,0.0,0.16666666666666666,0,L
695508,3.0,1.0,0.25,88.0,5.510174,0.6,1.0,0.3333333333333333,0.6666666666666666,1,R
624513,8.0,0.42857143,0.25,88.0,-3.2691288,0.2,0.0,0.25,0.0,0,L
806198,7.0,0.0,0.25,88.0,-4.3587117,0.0,0.0,0.0,0.0,0,R
820835,6.0,0.6666667,0.25,88.0,-0.3066671,1.0,1.0,0.0,1.0,1,L
828685,3.8,0.0,0.25,88.0,-6.9751387,0.6,0.6,0.0,0.0,0,L
671221,13.542169,0.3564669,0.25,78.815384,-0.26944026,0.2,0.0,0.1896551724137931,0.24691358024691357,0,L
690992,5.0,0.33333334,0.25,88.0,0.4033333,0.0,0.6,0.0,0.3333333333333333,0,R
815299,5.5,0.0,0.25,88.0,1.3957893,0.0,0.0,0.0,0.0,0,R
645444,13.601398,0.29166666,0.25,76.0125,-1.1191984,0.5,0.0,0.24770642201834864,0.19133574007220217,0,L
825761,12.0,0.0,0.25,88.0,-0.97634983,0.0,0.6,0.0,0.0,0,L
699302,3.5,0.6666667,0.25,88.0,2.9732728,0.5,0.0,0.6666666666666666,0.0,0,L
828237,3.8,0.5,0.25,88.0,-0.5374999,0.6,0.6,1.0,0.0,0,L
807726,3.5,0.0,0.25,88.0,-0.6130681,0.0,0.0,0.0,0.0,0,R
668942,13.248407,0.31121644,0.25,79.42778,-0.8672343,0.4,0.0,0.18382352941176472,0.23366834170854273,0,L
677338,3.0,0.0,0.25,88.0,-8.432818,0.0,0.0,0.0,0.0,0,L
687553,3.8,0.0,0.25,88.0,-2.8770952,0.6,0.6,0.0,0.0,0,R
821782,3.8,1.0,0.25,88.0,6.5767903,0.6,0.6,0.0,1.0,0,R
820984,3.8,0.0,0.25,88.0,12.473651,0.6,0.6,0.0,0.0,0,L
678232,5.0,0.5,0.25,88.0,-8.0973215,0.14285714285714285,0.0,0.0,0.2,0,R
814444,3.8,0.0,0.25,88.0,2.8653462,0.6,0.6,0.0,0.0,0,L
683427,2.0,0.33333334,0.25,88.0,4.8481503,0.3333333333333333,0.5,0.5,0.0,1,R
570560,10.0,0.5,0.25,85.86667,0.62921834,0.4,0.3333333333333333,0.0,0.5,0,R
823807,21.0,0.0,0.25,88.0,1.9116257,0.0,0.0,0.0,0.0,0,L
672569,10.813953,0.2361111,0.25,84.84167,0.6574371,0.4,0.0,0.10714285714285714,0.23076923076923078,0,R
657557,13.651465,0.34521577,0.25,85.2625,-0.91189116,0.4,0.3333333333333333,0.20557491289198607,0.23182441700960219,0,R
668721,3.5,0.625,0.25,88.0,11.028024,0.625,0.6666666666666666,0.0,0.5454545454545454,2,R
641820,12.590909,0.36601308,0.25,82.47857,-0.29867706,0.6,0.6666666666666666,0.23711340206185566,0.2356687898089172,0,R
702278,3.8,0.3,0.25,88.0,13.362588,0.6,0.6,0.26,0.26,0,L
806980,2.0,0.0,0.25,88.0,-6.0964837,0.0,0.0,0.0,0.0,0,R
806252,10.5,0.6666667,0.25,88.0,3.6875,1.0,0.6,0.3333333333333333,0.5,2,L
807257,5.0,0.0,0.25,88.0,4.5132694,0.0,0.0,0.0,0.0,0,R
806534,2.3333333,0.6666667,0.25,88.0,-2.694737,0.6666666666666666,0.5,0.0,1.0,1,R
702693,8.5,0.25,0.25,88.0,-0.30444124,0.5,0.6,0.5,0.0,1,L
815824,3.8,0.0,0.25,88.0,-1.123735,0.6,0.6,0.0,0.0,0,R
669208,10.688889,0.32258064,0.25,88.0,1.373677,0.6,0.0,0.2391304347826087,0.19402985074626866,0,R
656976,13.246636,0.34857142,0.25,84.56,0.27031082,0.5,0.6,0.19753086419753085,0.2549019607843137,0,L
691620,6.0,0.33333334,0.25,88.0,0.61659664,0.5,1.0,0.0,0.2857142857142857,2,R
690022,12.225352,0.41322315,0.25,85.073685,0.060594372,0.5,0.625,0.3111111111111111,0.25165562913907286,0,R
691783,11.125,0.35211268,0.25,83.61429,0.087590456,0.8,0.7777777777777778,0.21153846153846154,0.21428571428571427,3,R
672386,14.728261,0.3163152,0.3125,79.67,0.1429117,0.5,0.5,0.2599388379204893,0.275,1,R
467793,16.667437,0.2812202,0.25,84.72222,0.065236904,0.1,0.09090909090909091,0.2627906976744186,0.22058823529411764,0,R
666185,13.497992,0.29605263,0.25,83.91428,-0.8118585,0.2,0.16666666666666666,0.2217741935483871,0.2119205298013245,0,L
672356,13.437711,0.3618677,0.25,90.14616,-0.90950376,0.5,0.5,0.18092105263157895,0.24610591900311526,3,R
692216,11.925926,0.3125,0.25,86.041176,-0.026943497,0.5,0.5,0.18518518518518517,0.23076923076923078,0,L
600869,15.966102,0.32081378,0.25,85.166664,0.8336028,0.3,0.3333333333333333,0.24315068493150685,0.2393048128342246,0,R
665052,11.9,0.4090909,0.25,87.41333,0.87650305,0.5,0.45454545454545453,0.2830188679245283,0.2676056338028169,1,L
678009,15.621053,0.33333334,0.25,72.93889,-0.31635177,0.6,0.6428571428571429,0.2421875,0.24053030303030304,2,L
663624,14.968208,0.38589743,0.2267,81.41923,-0.21527842,0.3,0.3,0.3215258855585831,0.2531356898517674,0,R
663897,7.0350876,0.20833333,0.25,79.52353,-3.3038833,0.2,0.6,0.16129032258064516,0.1375,0,R
676724,10.25,0.30508474,0.3339,82.3353,-0.57714,0.4,0.36363636363636365,0.3333333333333333,0.20388349514563106,1,L
682622,13.834171,0.35746607,0.25675,82.83,0.16777867,0.4,0.3333333333333333,0.2192513368983957,0.2673076923076923,1,R
663609,11.35443,0.3030303,0.25,80.25,-0.04583317,0.3,0.0,0.25,0.1511627906976744,0,R
666931,5.375,0.33333334,0.25,82.45,0.86479545,0.375,0.4,0.0,0.4,0,R
593871,16.050562,0.32394367,0.1814,83.22222,0.13639617,0.6,0.5333333333333333,0.28307692307692306,0.23783783783783785,1,L
691277,5.8333335,0.42857143,0.25,82.82,-8.966509,0.3333333333333333,0.5,0.3333333333333333,0.2857142857142857,0,R
663697,17.453917,0.3257143,0.25,86.39286,-0.03173599,0.3,0.2777777777777778,0.24258760107816713,0.2538726333907057,1,R
694388,12.326087,0.41921398,0.25,80.4,0.03693386,0.6,0.5714285714285714,0.2465753424657534,0.26299694189602446,1,L
686475,5.24,0.39583334,0.25,84.28667,0.15057766,0.3,0.2,0.22857142857142856,0.3076923076923077,0,R
669087,9.851064,0.40425533,0.25,88.442856,-0.45505208,0.5,0.3333333333333333,0.2926829268292683,0.17647058823529413,0,R
671286,12.133333,0.29090908,0.25,83.085,0.7860942,0.3,0.0,0.2,0.12121212121212122,0,R
672016,12.771428,0.3853211,0.25,72.40833,-0.544453,0.5,0.43478260869565216,0.2,0.22580645161290322,0,R
669899,10.75,0.3,0.25,82.454544,2.730161,0.5,1.0,0.0,0.25,1,L
666211,11.379311,0.3125,0.32408333,84.24117,-0.6685451,0.7,0.7272727272727273,0.2608695652173913,0.1989247311827957,3,L
664068,8.12,0.33333334,0.25,81.38125,-2.067114,0.3,0.4,0.25,0.15151515151515152,0,R
694671,16.979866,0.35285285,0.25,87.36191,0.12756647,0.8,0.6363636363636364,0.2441860465116279,0.2572463768115942,5,R
596019,18.083666,0.32721713,0.25,87.57333,0.9127371,0.7,0.52,0.2578947368421053,0.268033946251768,1,R
624512,11.438889,0.3213213,0.25,71.71875,-0.3619786,0.4,0.4166666666666667,0.2727272727272727,0.23582766439909297,0,L
682641,11.690355,0.2874109,0.12245455,81.80909,-0.563424,0.2,0.2,0.24324324324324326,0.2349570200573066,0,R
519317,16.293577,0.34508348,0.25,93.17273,0.34883478,0.4,0.5769230769230769,0.26223776223776224,0.2318840579710145,0,R
691777,13.861702,0.36196318,0.25,79.04,0.4584735,0.3,0.6071428571428571,0.21428571428571427,0.23333333333333334,0,R
695020,8.823529,0.33333334,0.25,81.44706,1.9971571,0.5,0.5,0.23809523809523808,0.25,0,R
502054,15.531335,0.3421687,0.25,78.10769,-0.19757688,0.3,0.0,0.23387096774193547,0.26126126126126126,0,R
682877,14.933333,0.25,0.25,77.6,-2.093265,0.3,0.42857142857142855,0.25,0.125,1,R
673357,15.448549,0.37299466,0.21176924,90.535,0.3701215,0.5,0.6,0.267515923566879,0.24582560296846012,1,R
671655,11.133333,0.30612245,0.25,79.72667,-1.2809818,0.5,0.5833333333333334,0.0,0.2465753424657534,0,L
677592,14.294118,0.30172414,0.25,79.97369,-1.4414093,0.6,0.5789473684210527,0.2465753424657534,0.14935064935064934,0,R
650391,13.349138,0.34111312,0.2609,81.53158,-0.22010434,0.5,0.5833333333333334,0.26262626262626265,0.2694214876033058,0,R
595879,13.414438,0.3198146,0.31025,81.721054,-1.3794525,0.6,0.6538461538461539,0.2536873156342183,0.23076923076923078,0,R
669717,9.978724,0.35714287,0.372,80.705,-0.14742485,0.3,0.3333333333333333,0.22448979591836735,0.2037037037037037,1,R
675659,8.388889,0.18181819,0.25,81.86667,-2.1217895,0.2,0.2222222222222222,0.125,0.07407407407407407,0,L
664238,12.042623,0.30922693,0.25,80.97143,-0.22915666,0.0,0.0,0.20512820512820512,0.20448877805486285,0,R
669720,13.9651165,0.38964579,0.456,88.64706,0.6102067,0.7,0.75,0.31176470588235294,0.2598331346841478,1,R
677956,10.469388,0.2962963,0.25,82.04615,0.4599831,0.4,0.4166666666666667,0.041666666666666664,0.26582278481012656,0,R
650402,18.163637,0.3359133,0.25,85.457146,0.39696556,0.5,0.6470588235294118,0.26666666666666666,0.2666195190947666,0,R
677595,13.422222,0.35502958,0.25,85.28236,-1.0562657,0.5,0.5555555555555556,0.13580246913580246,0.28019323671497587,1,R
673237,13.368299,0.36852208,0.32192856,80.96154,0.16468437,0.8,0.7083333333333334,0.27365728900255754,0.29478260869565215,8,R
669288,8.903226,0.23913044,0.3574,84.58125,-0.21781135,0.4,0.4,0.3333333333333333,0.14754098360655737,1,L
682663,15.857142,0.30496454,0.25,77.5,-0.13646074,0.7,0.6363636363636364,0.2430939226519337,0.24107142857142858,2,R
669701,15.038835,0.31832796,0.25,80.84762,-0.28743356,0.5,0.46875,0.23722627737226276,0.24904580152671757,1,L
687957,10.292683,0.28787878,0.33375,73.79583,-0.7460196,0.4,0.4666666666666667,0.15384615384615385,0.2261904761904762,4,L
666464,12.0,0.3089431,0.25,80.67778,-2.0966015,0.2,0.35294117647058826,0.23170731707317074,0.21487603305785125,0,R
602104,13.020409,0.33959538,0.25,80.8,-0.13031825,0.2,0.34782608695652173,0.268370607028754,0.24592391304347827,0,R
701350,17.752293,0.41125542,0.4399,87.94706,0.2750464,0.6,0.6060606060606061,0.2727272727272727,0.27419354838709675,4,L
621043,16.537128,0.37163562,0.25,75.02857,0.30764526,0.7,0.6875,0.29461756373937675,0.27661510464058237,0,R
630105,16.572985,0.3113829,0.25,80.12666,-0.581836,0.3,0.3333333333333333,0.22727272727272727,0.24456521739130435,0,L
669134,11.827586,0.33147633,0.25,81.8,-0.7880907,0.6,0.65,0.2366412213740458,0.2830687830687831,0,R
642851,12.054545,0.33701658,0.2665,80.72222,-1.4873054,0.3,0.3076923076923077,0.24770642201834864,0.23243243243243245,0,R
690291,11.131147,0.3452381,0.25,85.87619,-0.21287104,0.3,0.4,0.2727272727272727,0.20967741935483872,1,L
518595,13.883721,0.3125,0.2655,83.72632,-0.26043308,0.4,0.42857142857142855,0.24571428571428572,0.222052067381317,1,R
691176,14.561291,0.36789298,0.3793846,83.580956,0.4683307,0.6,0.6,0.22580645161290322,0.2631578947368421,0,L
695391,13.34375,0.27826086,0.25,77.89167,0.0,0.5,0.0,0.20754716981132076,0.2,0,R
677950,12.618012,0.32519084,0.25,83.39375,-0.68223965,0.5,0.4838709677419355,0.19704433497536947,0.24780976220275344,0,L
666310,14.319527,0.272578,0.25,77.45556,0.1301324,0.2,0.3448275862068966,0.2102803738317757,0.20277078085642317,0,L
805347,9.5,0.5,0.25,88.0,0.76032555,0.0,0.0,0.0,0.25,0,L
663604,11.914893,0.3888889,0.406,79.75883,-1.0455717,0.7,0.6896551724137931,0.23008849557522124,0.27941176470588236,0,R
670032,12.824325,0.29708737,0.25,75.04444,-0.27470136,0.2,0.3333333333333333,0.21929824561403508,0.24074074074074073,0,L
681481,13.994792,0.35983828,0.25,83.515,1.0784881,0.3,0.475,0.21511627906976744,0.27926267281105993,0,L
663698,14.111111,0.3859649,0.3816,84.01111,-0.7187611,0.6,0.42857142857142855,0.27230046948356806,0.2462526766595289,0,R
672012,12.1470585,0.34920636,0.2353,84.436844,-0.9593794,0.4,0.5,0.3333333333333333,0.2375,0,L
680718,13.976526,0.3150358,0.25,86.02,-1.1166694,0.2,0.2,0.20168067226890757,0.24077328646748683,0,L
695257,9.733334,0.34615386,0.21766667,78.621056,-1.2740799,0.5,0.46153846153846156,0.2962962962962963,0.22033898305084745,0,R
683766,9.337663,0.3515625,0.14633334,80.82222,-0.9076772,0.1,0.1111111111111111,0.2553191489361702,0.24,0,R
669221,15.243728,0.3312102,0.25,80.75,0.62584835,0.3,0.3333333333333333,0.226890756302521,0.2375776397515528,0,R
628451,10.081505,0.32604736,0.12866667,79.251724,-0.015111409,0.1,0.14285714285714285,0.26732673267326734,0.23896103896103896,0,R
687637,16.447762,0.352,0.25,83.25833,0.75816923,0.5,0.5161290322580645,0.2,0.24855491329479767,1,L
805779,13.639594,0.35451505,0.2723,81.447365,-0.12905045,0.9,0.7073170731707317,0.3352601156069364,0.3125,0,R
690976,13.818182,0.3592233,0.25,82.65455,-0.43263876,0.5,0.5142857142857142,0.17857142857142858,0.23870967741935484,0,L
683079,4.0,0.5,0.25,88.0,-2.9986157,0.6666666666666666,1.0,0.0,0.3333333333333333,2,L
682626,14.401235,0.3321918,0.25,84.87143,0.5924817,0.7,0.6285714285714286,0.22545454545454546,0.24563758389261744,0,R
608369,15.816583,0.35911018,0.25,82.35,1.1364207,0.3,0.4772727272727273,0.26371308016877637,0.30118110236220474,0,L
663728,17.043222,0.3072805,0.25,93.194115,0.98734546,0.1,0.4883720930232558,0.23060796645702306,0.2312824314306894,1,L
670242,14.680412,0.34823528,0.25,88.0,0.90422153,0.2,0.5,0.1875,0.24052478134110788,0,L
683021,11.868421,0.30952382,0.25,83.52778,0.44678733,0.5,0.75,0.2727272727272727,0.2463768115942029,3,R
694025,9.615385,0.2,0.25,85.57143,-2.037115,0.4,0.45454545454545453,0.18181818181818182,0.125,0,R
596115,15.692307,0.38512397,0.25,82.746666,-0.07796437,0.8,0.6744186046511628,0.2595419847328244,0.25839793281653745,3,R
687597,14.615063,0.37580994,0.25,80.833336,-0.1830543,0.6,0.40625,0.26548672566371684,0.23488773747841105,2,R
669326,10.025974,0.3305785,0.18,71.986664,-2.2187319,0.4,0.30434782608695654,0.23076923076923078,0.18840579710144928,0,R
571657,11.006154,0.3297491,0.3836,80.088234,-0.89344764,0.4,0.4,0.27089337175792505,0.22593320235756384,0,R
810938,14.491936,0.3691756,0.25,81.265,-0.72581685,0.7,0.5641025641025641,0.2846153846153846,0.26666666666666666,3,R
596117,13.0,0.29326922,0.25,78.39333,-1.2449894,0.3,0.3333333333333333,0.2441860465116279,0.18834080717488788,0,L
680977,16.240507,0.33567047,0.41114286,83.915,0.23165825,0.5,0.5357142857142857,0.24523809523809523,0.2994350282485876,1,L
641584,12.282282,0.33880597,0.25,75.916664,0.127014,0.7,0.5806451612903226,0.20689655172413793,0.26967592592592593,0,L
671218,16.213675,0.37405542,0.20158334,82.35238,0.16862394,0.6,0.7045454545454546,0.2937853107344633,0.2555438225976769,0,R
668974,8.428572,0.11764706,0.25,79.23333,-3.0337477,0.2,0.0,0.0,0.08163265306122448,0,R
694377,13.442623,0.31666666,0.25,76.01363,-0.6247917,0.4,0.48148148148148145,0.22413793103448276,0.2248062015503876,0,R
656811,14.380531,0.36307693,0.3030909,81.73044,0.07609139,0.5,0.6304347826086957,0.273972602739726,0.2896039603960396,0,L
669743,14.327465,0.33509701,0.25,75.82667,-0.040012065,0.6,0.5833333333333334,0.29152542372881357,0.2335907335907336,1,R
596103,10.551021,0.37942123,0.25,83.46364,-0.27247056,0.3,0.25,0.23835616438356164,0.24719101123595505,0,R
624431,11.957447,0.27701375,0.2043125,83.845,-1.07412,0.4,0.38461538461538464,0.22065727699530516,0.24078091106290672,1,R
514888,15.883409,0.36973345,0.25,80.886665,0.92841864,0.7,0.6046511627906976,0.3175,0.28793774319066145,0,R
660844,13.353982,0.32142857,0.25,78.88182,-0.14335883,0.2,0.34210526315789475,0.2127659574468085,0.20224719101123595,0,R
694376,8.235294,0.25862068,0.25,84.04,-0.5269601,0.2,0.15384615384615385,0.07142857142857142,0.22857142857142856,0,R
668904,15.068345,0.32467532,0.25,80.142105,-0.08133721,0.4,0.5588235294117647,0.25274725274725274,0.2507042253521127,2,R
543510,13.130208,0.33243242,0.2675,82.17778,0.36527234,0.5,0.47619047619047616,0.2222222222222222,0.25301204819277107,0,R
807713,13.536144,0.30124223,0.25,74.87857,-0.03310749,0.2,0.46153846153846156,0.26174496644295303,0.21839080459770116,0,R
660644,10.417143,0.2987013,0.25,76.3625,-0.85699844,0.5,0.6666666666666666,0.1919191919191919,0.22727272727272727,0,L
680474,12.833333,0.3053435,0.25,71.37857,-0.2474849,0.4,0.4444444444444444,0.1910828025477707,0.23218390804597702,0,R
686668,13.84141,0.35942668,0.2985,82.25,-0.6205188,0.3,0.4878048780487805,0.255125284738041,0.235663082437276,1,R
808982,15.672269,0.3114754,0.3116923,79.73478,0.22609575,0.9,0.625,0.25396825396825395,0.278125,4,L
686948,15.090396,0.35678393,0.25,93.6,1.8453206,0.8,0.8,0.32919254658385094,0.27816091954022987,0,L
606992,12.7351,0.35510203,0.25,86.3125,-0.4835901,0.7,0.7142857142857143,0.17692307692307693,0.2508038585209003,0,R
686894,12.015306,0.34602076,0.25,83.90769,0.035736993,0.3,0.4482758620689655,0.27638190954773867,0.19117647058823528,0,R
691781,13.578512,0.3574297,0.4311,82.605,-0.9886123,0.6,0.6444444444444445,0.2764227642276423,0.22448979591836735,2,R
680777,15.361702,0.35083225,0.307,85.166664,0.34614283,0.7,0.65,0.2907608695652174,0.25519630484988454,2,R
640492,8.223301,0.3271605,0.3648,75.92105,-0.15443394,0.5,0.625,0.21238938053097345,0.2767857142857143,0,R
663647,14.799043,0.3243744,0.4015294,85.58572,-0.62938523,0.5,0.41025641025641024,0.2813299232736573,0.24119241192411925,0,R
656582,13.691083,0.32702237,0.25,76.06923,0.07180861,0.2,0.3333333333333333,0.2445054945054945,0.2338403041825095,0,R
642708,12.583578,0.3627204,0.25,80.77,-0.2398941,0.7,0.6774193548387096,0.29653679653679654,0.26666666666666666,0,R
695336,13.9430895,0.368,0.25,78.8,-1.5014027,0.2,0.4166666666666667,0.23469387755102042,0.24333333333333335,0,R
701675,12.657143,0.3188406,0.3064,80.166664,-0.6113299,0.6,0.5454545454545454,0.3541666666666667,0.20245398773006135,1,L
553869,13.231884,0.35070422,0.25,79.6,-0.6907903,0.4,0.42857142857142855,0.2222222222222222,0.2769028871391076,0,R
677870,13.085107,0.3245033,0.25,84.18,-0.7791374,0.4,0.3684210526315789,0.22105263157894736,0.21153846153846154,0,R
805249,12.545455,0.328,0.25,74.79412,-0.92318505,0.2,0.21428571428571427,0.20481927710843373,0.22535211267605634,0,R
666160,12.922481,0.3632761,0.11345454,82.47369,0.47740293,0.5,0.6818181818181818,0.2087912087912088,0.2700534759358289,0,L
660162,14.390558,0.37530267,0.25,81.32105,0.1501128,0.4,0.4090909090909091,0.2231404958677686,0.252442996742671,0,L
666139,15.971939,0.36609337,0.25,80.52353,-0.1296361,0.7,0.4318181818181818,0.2073170731707317,0.2658802177858439,2,L
682987,10.466666,0.25,0.25,87.18235,-1.0530474,0.2,0.2727272727272727,0.0,0.21428571428571427,0,L
671732,15.309589,0.33512786,0.25,84.025,0.040943895,0.3,0.44680851063829785,0.23387096774193547,0.24419778002018164,0,L
687515,9.769231,0.44444445,0.3518,84.56,0.22545932,0.7,0.6666666666666666,0.2872340425531915,0.23943661971830985,1,R
676356,12.62431,0.33333334,0.2317,81.95556,-0.4787958,0.5,0.5641025641025641,0.23,0.26,0,R
669398,8.037037,0.41666666,0.25,84.8,-6.410542,0.3,0.36363636363636365,0.0,0.22807017543859648,0,L
571970,17.05149,0.31726283,0.25,83.925,1.7571845,0.6,0.6,0.19003115264797507,0.25418060200668896,2,L
691723,13.4375,0.30084747,0.25,84.707695,-0.83901256,0.6,0.4634146341463415,0.24305555555555555,0.17993079584775087,0,R
669369,9.009259,0.36666667,0.25,63.46154,-0.30649847,0.4,0.375,0.20833333333333334,0.2740740740740741,1,R
666971,15.294382,0.32446352,0.25,82.89474,0.018551813,0.5,0.5416666666666666,0.31453362255965295,0.2506350550381033,0,R
681351,14.672414,0.33233532,0.25,78.15,-1.0082523,0.4,0.48484848484848486,0.24793388429752067,0.23036093418259024,0,R
608701,12.2264805,0.37387386,0.25,80.93846,0.01993481,0.1,0.20588235294117646,0.27684964200477324,0.23322683706070288,0,R
621550,11.841808,0.30054644,0.25,86.49412,0.2942952,0.2,0.3333333333333333,0.20270270270270271,0.19457013574660634,1,R
694224,5.0,0.33333334,0.25,85.15,5.101372,0.5,0.6,0.5,0.2,1,R
682634,9.5625,0.28,0.25,86.80909,-2.837301,0.4,0.0,0.25,0.12903225806451613,0,R
650968,8.949368,0.2739726,0.37635714,81.37778,5.6168694,0.5,0.375,0.3,0.22388059701492538,0,R
655316,13.381579,0.35103926,0.2612,74.94,-0.5114066,0.8,0.5161290322580645,0.26291079812206575,0.25485436893203883,1,R
622268,9.25,0.11111111,0.25,87.005554,-0.6398775,0.1,0.0,0.2,0.06666666666666667,0,L
663967,7.780488,0.2962963,0.25,78.583336,-0.3624681,0.3,0.3333333333333333,0.2727272727272727,0.19607843137254902,0,L
666181,12.322314,0.35258964,0.25,88.0,0.016643275,0.1,0.27906976744186046,0.15789473684210525,0.23564593301435408,0,L
823550,10.5,0.2857143,0.25,82.942856,-0.5764884,0.3,0.3,0.0,0.25,0,L
666023,14.06689,0.34020618,0.25,81.2,-0.35372204,0.3,0.4,0.2785714285714286,0.2585438335809807,0,R
678391,9.394366,0.28695652,0.2728,77.73,-0.84039855,0.4,0.5365853658536586,0.26666666666666666,0.21897810218978103,0,L
664731,9.111111,0.4,0.25,77.718185,0.86390483,0.5,0.5,0.375,0.21875,1,R
642086,13.643874,0.33915213,0.25,83.958824,0.27503467,0.6,0.5909090909090909,0.23651452282157676,0.2796803652968037,3,L
694374,11.821782,0.33333334,0.25,84.15263,-1.0985032,0.5,0.4444444444444444,0.24489795918367346,0.20987654320987653,2,R
669289,12.337314,0.30570653,0.1715,79.325,-0.2993322,0.4,0.45454545454545453,0.2684931506849315,0.24558303886925795,1,R
667472,11.492754,0.36795253,0.25,86.042854,-0.82179356,0.5,0.4473684210526316,0.27705627705627706,0.23322683706070288,1,R
657136,13.687117,0.36600307,0.25,85.6,-0.3717268,0.6,0.5909090909090909,0.2357142857142857,0.2578947368421053,2,R
623168,10.623854,0.32019705,0.10014286,76.59565,-0.3432331,0.1,0.37037037037037035,0.35,0.20512820512820512,0,L
670770,16.486937,0.31569344,0.25,79.43846,0.37603784,0.3,0.5116279069767442,0.2742382271468144,0.2502127659574468,0,L
673962,15.083798,0.3801956,0.4526,79.72667,-0.11035567,0.6,0.66,0.28662420382165604,0.27,4,R
573262,14.970589,0.3137931,0.25,87.50667,0.45164698,0.5,0.5294117647058824,0.19343065693430658,0.24954792043399637,0,L
694384,16.573002,0.32328483,0.2446,85.165215,0.10567336,0.7,0.6538461538461539,0.2425249169435216,0.27089627391742194,4,L
665742,18.749514,0.35642663,0.25,89.25714,1.7940218,0.8,0.7567567567567568,0.2607260726072607,0.2979423868312757,1,L
693409,6.0,0.2857143,0.26733333,84.57,-8.791863,0.3,0.0,0.2857142857142857,0.17391304347826086,0,L
596142,14.10917,0.30054644,0.25,79.75,0.5706908,0.3,0.5,0.2530612244897959,0.2127659574468085,0,R
685133,11.444445,0.45945945,0.25,77.51667,-1.9022477,0.5,1.0,0.3333333333333333,0.2631578947368421,2,L
688363,11.861386,0.26857144,0.2581,79.39445,-0.9783553,0.4,0.41379310344827586,0.18518518518518517,0.20491803278688525,1,L
672284,13.996528,0.37181997,0.25,81.8875,-0.44904342,0.5,0.47368421052631576,0.23668639053254437,0.24064171122994651,3,L
643396,12.937186,0.34623656,0.31518182,79.42381,-0.34997645,0.4,0.32,0.2298507462686567,0.28202368137782563,0,R
644433,10.657895,0.3432836,0.25,77.0,0.3079362,0.5,0.75,0.20833333333333334,0.2235294117647059,0,R
622761,12.423581,0.3436754,0.25,76.45294,-1.5311648,0.6,0.48,0.26523297491039427,0.22077922077922077,0,R
681508,10.746479,0.27027026,0.25,73.03333,-0.43210548,0.6,0.6666666666666666,0.23255813953488372,0.19491525423728814,1,L
681715,12.714286,0.37688443,0.25,85.685715,0.5762099,0.4,0.3939393939393939,0.25517241379310346,0.2552083333333333,1,R
678489,12.202899,0.25,0.25,83.19,-1.5053452,0.2,0.42424242424242425,0.18518518518518517,0.15625,0,R
676914,14.329787,0.3180723,0.25,78.808334,0.20149685,0.2,0.2647058823529412,0.19745222929936307,0.22103004291845493,0,R
686823,11.247232,0.3203125,0.19078572,78.52857,-0.48921707,0.3,0.3,0.226890756302521,0.28029197080291973,0,L
677060,12.1,0.35714287,0.25,82.1,-1.8616866,0.5,0.6,0.125,0.19047619047619047,0,R
575929,16.422785,0.38356164,0.25,72.10714,0.8417989,0.8,0.6415094339622641,0.29745042492917845,0.2620889748549323,7,R
642350,13.836,0.33426183,0.25,79.99167,-0.12219773,0.3,0.4,0.20192307692307693,0.20648464163822525,0,R
682177,13.383674,0.3292683,0.25,77.77059,-0.16592698,0.5,0.6444444444444445,0.23770491803278687,0.21428571428571427,0,L
641343,13.454268,0.3442623,0.25,80.85,0.07249371,0.9,0.6956521739130435,0.24390243902439024,0.22784810126582278,0,L
656537,11.44,0.36818182,0.25,83.916664,-0.085685074,0.5,0.4375,0.26993865030674846,0.20080321285140562,2,R
665861,9.774194,0.2244898,0.25,71.55,-2.1122928,0.1,0.23529411764705882,0.16666666666666666,0.1568627450980392,0,R
681393,14.705882,0.37362638,0.25,82.78095,-0.17546515,0.6,0.5714285714285714,0.20634920634920634,0.26327433628318586,1,R
700246,12.377778,0.28070176,0.25,81.2625,-1.827145,0.5,0.45454545454545453,0.1276595744680851,0.18604651162790697,0,R
657757,14.182404,0.29979467,0.4377,87.17647,-0.41950193,0.8,0.5510204081632653,0.22262773722627738,0.2430795847750865,3,L
682668,10.6470585,0.30379745,0.3235,91.95,-2.3315961,0.3,0.4166666666666667,0.2222222222222222,0.2383177570093458,1,R
641598,15.030581,0.30882353,0.25,85.88182,0.16404778,0.3,0.38461538461538464,0.25770308123249297,0.19400630914826497,1,R
701678,9.703704,0.30952382,0.305,82.8875,-0.1966798,0.5,0.4583333333333333,0.1891891891891892,0.2413793103448276,1,R
807799,14.304843,0.34519956,0.29425,87.09091,0.6279746,0.4,0.5,0.241635687732342,0.30852211434735705,0,L
624641,12.046667,0.3716981,0.25,79.18235,0.37711465,0.4,0.5161290322580645,0.2891246684350133,0.24691358024691357,1,R
675961,11.07595,0.30597016,0.25,74.9375,-2.185293,0.3,0.25,0.14754098360655737,0.22695035460992907,0,R
665489,16.146067,0.36376503,0.3617,82.19474,0.84074426,0.6,0.6666666666666666,0.32105263157894737,0.30145661811272956,4,R
642201,10.368421,0.33050847,0.25,81.75,-0.020077009,0.7,0.5517241379310345,0.2535211267605634,0.23333333333333334,0,R
679529,17.730022,0.3220859,0.21883333,83.21875,0.17677101,0.5,0.5,0.23897911832946636,0.22955974842767296,2,R
677800,14.637463,0.359375,0.25,78.72222,0.48838943,0.6,0.6481481481481481,0.25906735751295334,0.2591324200913242,0,L
664059,9.370629,0.3173913,0.2623,79.625,-1.0102843,0.3,0.2692307692307692,0.2617801047120419,0.2109375,0,R
700337,14.040541,0.32738096,0.25,78.84,-0.9142597,0.2,0.32432432432432434,0.2981366459627329,0.22818791946308725,0,R
506702,10.0,0.2195122,0.25,74.84286,-1.2551417,0.3,0.2857142857142857,0.13636363636363635,0.12727272727272726,0,R
663584,8.131579,0.26785713,0.25,70.1,-1.6129608,0.2,0.16666666666666666,0.10526315789473684,0.2028985507246377,0,R
682674,6.0,0.1,0.25,77.675,-2.852631,0.14285714285714285,0.0,0.125,0.0,0,R
595978,11.134884,0.25641027,0.1835,74.48,-1.7498751,0.3,0.5,0.19665271966527198,0.16828478964401294,1,R
660688,13.172043,0.2818854,0.38463637,88.94211,-0.6003418,0.8,0.5882352941176471,0.28133704735376047,0.24616956077630234,7,R
670097,12.341935,0.27312776,0.25,82.57333,-0.5948006,0.3,0.125,0.2357142857142857,0.16736401673640167,1,R
656716,13.646789,0.315847,0.258,81.23158,-0.7035422,0.6,0.5151515151515151,0.25136612021857924,0.23601398601398602,0,L
624428,12.65459,0.3017341,0.25,81.37778,-0.45387006,0.4,0.36363636363636365,0.19642857142857142,0.2512413108242304,2,L
686765,13.835821,0.4028777,0.25,80.17857,0.10319435,0.8,0.8333333333333334,0.3559322033898305,0.2413793103448276,0,L
683679,10.428572,0.25,0.2500909,81.32632,0.7055404,0.5,0.5,0.125,0.27586206896551724,1,R
669707,14.756667,0.3474026,0.25,78.52857,-0.3588691,0.6,0.5454545454545454,0.26101694915254237,0.23328380386329867,0,R
673490,17.29394,0.31835687,0.25,77.35,0.08876326,0.4,0.4444444444444444,0.27873563218390807,0.23291139240506328,3,R
691785,11.947917,0.31016043,0.21308333,81.88947,-0.9235196,0.5,0.5416666666666666,0.19047619047619047,0.23333333333333334,0,L
543309,13.291667,0.32427186,0.3359,78.6,0.12794086,0.6,0.5925925925925926,0.23954372623574144,0.24058919803600654,2,R
686217,15.213568,0.33364928,0.2628,84.23044,0.0010140203,0.7,0.6530612244897959,0.2545454545454545,0.27895752895752896,1,L
665966,14.939394,0.3483871,0.25,80.53125,-0.5330915,0.6,0.5714285714285714,0.2733812949640288,0.232620320855615,2,R
665953,12.675675,0.2585034,0.25,80.6875,-0.3954021,0.1,0.18181818181818182,0.2268041237113402,0.1896551724137931,0,R
693307,14.463768,0.36842105,0.25,88.42,0.23059542,0.5,0.56,0.27040816326530615,0.25806451612903225,0,R
545341,11.575758,0.34138972,0.4125,84.29,-0.24773358,0.5,0.4482758620689655,0.2927835051546392,0.2414448669201521,2,R
687093,13.785714,0.31343284,0.1939,78.68,-0.2626164,0.5,0.5,0.24742268041237114,0.23699421965317918,0,R
666152,12.739337,0.3188406,0.36254546,74.7625,-0.18695463,0.5,0.525,0.2127659574468085,0.23908918406072105,0,L
682985,17.688597,0.41274816,0.25,79.125,0.535482,0.8,0.7321428571428571,0.25054945054945055,0.28742994395516414,1,L
666624,14.276923,0.33333334,0.25,76.83572,-0.14095424,0.4,0.42105263157894735,0.21467391304347827,0.22886133032694475,1,R
641857,17.214844,0.36570248,0.37527272,82.87647,-0.16449414,0.2,0.42857142857142855,0.22964509394572025,0.24164724164724163,0,L
660670,17.968481,0.39976552,0.25,84.08462,0.9070095,0.7,0.6666666666666666,0.2747603833865815,0.3220675944333996,0,R
643289,12.183486,0.32142857,0.2678,76.53333,0.20833379,0.6,0.6481481481481481,0.29,0.26587301587301587,0,R
805808,17.236364,0.3419355,0.25,80.7875,0.42947784,0.7,0.7358490566037735,0.2413793103448276,0.30714285714285716,2,L
664954,9.783784,0.27941176,0.25,79.86842,-1.8113635,0.3,0.48,0.3488372093023256,0.16993464052287582,0,L
545361,18.829033,0.3682243,0.3199091,85.511765,0.9472677,0.5,0.625,0.23983739837398374,0.24760765550239233,3,R
669224,14.959731,0.29876977,0.25,80.02308,0.116478495,0.3,0.43902439024390244,0.21544715447154472,0.2288135593220339,1,L
687263,16.053738,0.34687155,0.3207,85.95,0.28147525,0.7,0.631578947368421,0.290625,0.2387202625102543,2,R
699013,11.333333,0.33333334,0.25,88.0,-1.5727904,0.3333333333333333,0.0,0.0,0.16666666666666666,0,R
663586,17.22779,0.37962964,0.25,87.55454,0.53348416,0.5,0.5263157894736842,0.2743589743589744,0.2665639445300462,0,R
668670,13.311111,0.3026316,0.25,79.30769,0.07418412,0.5,0.4117647058823529,0.21363636363636362,0.2081967213114754,1,R
678882,14.036458,0.3587082,0.3502,87.5,0.22773816,0.8,0.7058823529411765,0.23380281690140844,0.27226202661207777,1,R
666176,14.711111,0.31707317,0.4683,88.1875,0.25375155,0.4,0.6428571428571429,0.2656826568265683,0.22318526543878656,1,R
687221,11.703704,0.36936936,0.25,87.575,-0.4069858,0.3,0.5333333333333333,0.23636363636363636,0.23353293413173654,1,L
681546,14.042403,0.34382567,0.25,80.50833,0.008496514,0.5,0.4074074074074074,0.21393034825870647,0.21360759493670886,0,L
671739,14.173077,0.3506276,0.20490909,84.27,-0.1060296,0.7,0.6111111111111112,0.2710843373493976,0.276326207442597,5,L
663968,12.117647,0.38502672,0.282,80.856,-0.6226518,0.3,0.47058823529411764,0.2929936305732484,0.3023952095808383,0,L
672761,15.408,0.3043478,0.25,78.18,-0.5151284,0.5,0.41025641025641024,0.23684210526315788,0.231496062992126,1,L
672724,12.1,0.2910663,0.25,84.064285,-1.4626807,0.6,0.5531914893617021,0.1827956989247312,0.21038961038961038,4,R
702332,13.606383,0.28237793,0.2924,75.564705,-0.78159,0.2,0.4489795918367347,0.23780487804878048,0.24768518518518517,0,R
641680,14.1662655,0.29606625,0.25,77.21667,-0.5945246,0.3,0.5,0.26,0.23264907135874877,2,L
668723,11.446428,0.3452381,0.25,80.094444,0.6206913,0.5,0.43333333333333335,0.3037974683544304,0.17857142857142858,0,R
663330,8.205882,0.39097744,0.25,83.475,1.1052623,0.1,0.2857142857142857,0.28342245989304815,0.1746031746031746,0,R
663837,16.143267,0.3381468,0.25,75.94444,0.06115821,0.5,0.525,0.2727272727272727,0.25,0,R
682848,13.886076,0.30113637,0.25,77.33125,-0.9655944,0.4,0.5,0.16666666666666666,0.234375,0,L
645277,16.345415,0.3109118,0.25,76.76087,-0.023132171,0.4,0.631578947368421,0.32454361054766734,0.24274013402829486,0,R
605244,8.8125,0.22222222,0.25,88.708336,-0.4183029,0.2,0.25,0.16666666666666666,0.08695652173913043,0,R
592663,15.79661,0.37032968,0.3861,89.72,-0.085096866,0.4,0.5428571428571428,0.25,0.2666025024061598,2,R
624585,16.59434,0.3459596,0.34791666,79.98182,1.1968844,0.5,0.6730769230769231,0.26744186046511625,0.23524150268336314,2,R
621566,19.07091,0.36837608,0.25,75.55,0.60572535,0.4,0.7543859649122807,0.27154471544715447,0.2753824756606398,0,L
662139,15.257908,0.29931194,0.25,85.39231,-0.12931055,0.7,0.6274509803921569,0.28,0.21270962047661077,0,L
690993,13.507289,0.34078947,0.31854546,79.97143,-0.21183503,0.3,0.6078431372549019,0.2706766917293233,0.2609603340292276,0,L
680776,16.458948,0.36688852,0.25,79.433334,0.36633632,0.5,0.5510204081632653,0.23732251521298176,0.280688622754491,1,L
694212,14.106667,0.3051948,0.25,84.62778,-0.114733115,0.8,0.6136363636363636,0.2,0.23267326732673269,1,L
500743,11.38032,0.31235155,0.25,71.95556,-0.39970216,0.3,0.4117647058823529,0.29545454545454547,0.25379939209726443,0,R
690924,11.085107,0.32,0.25,81.80769,1.0681808,0.3,0.2222222222222222,0.26666666666666666,0.17073170731707318,0,R
669004,14.779411,0.30602783,0.25,89.11667,-0.07117731,0.2,0.3548387096774194,0.19196428571428573,0.22107674684994272,1,L
608348,14.110726,0.32512316,0.25,83.247055,-0.032911114,0.5,0.6341463414634146,0.2851063829787234,0.2436849925705795,1,R
673548,18.354979,0.39354187,0.25,81.945,0.63471574,0.4,0.5384615384615384,0.2828507795100223,0.27351097178683387,0,R
694728,14.303572,0.30952382,0.3376,84.833336,-2.9096153,0.6,0.3953488372093023,0.16363636363636364,0.21551724137931033,0,R
657041,15.96748,0.34538653,0.25,79.36154,0.7442579,0.2,0.38461538461538464,0.2966751918158568,0.22518676627534684,0,R
679845,10.954023,0.28445747,0.25,80.95385,-0.87160635,0.3,0.4230769230769231,0.23870967741935484,0.2222222222222222,0,R
545121,12.225926,0.31441048,0.1699,88.72857,-0.80942273,0.4,0.74,0.2917933130699088,0.2651072124756335,0,L
677588,13.427631,0.36082473,0.25,83.92727,-0.02855897,0.3,0.3953488372093023,0.2236842105263158,0.25268817204301075,0,L
605170,12.715686,0.33658537,0.25,84.25714,-0.087154746,0.2,0.45,0.26066350710900477,0.26255380200860834,0,L
681807,11.283089,0.3538874,0.25,85.5,0.3947447,0.4,0.4411764705882353,0.23692307692307693,0.25914634146341464,2,R
663538,15.723077,0.33759904,0.24308333,78.4,-0.034243613,0.6,0.7272727272727273,0.33867735470941884,0.27484989993328884,1,R
645302,12.101191,0.4111406,0.25,78.16111,0.4757604,0.4,0.5,0.2994652406417112,0.3252279635258359,0,R
664702,11.993266,0.33955857,0.25,80.45,-1.1913552,0.0,0.40476190476190477,0.25396825396825395,0.25396825396825395,0,R
690984,9.0625,0.2173913,0.25,73.436844,-2.2900965,0.2,0.2,0.1,0.18181818181818182,0,L
663616,14.898071,0.35382512,0.25,88.16,0.12887901,0.6,0.6,0.2235294117647059,0.2696969696969697,2,L
663743,11.2779455,0.28304598,0.25,81.564705,-0.9280051,0.6,0.6666666666666666,0.24324324324324326,0.22297297297297297,1,R
686554,11.0172415,0.3875,0.25,71.472725,-1.4038104,0.5,0.6,0.14285714285714285,0.23622047244094488,0,L
669394,14.404546,0.3507378,0.25,89.24,0.86865807,0.8,0.6415094339622641,0.23853211009174313,0.2591623036649215,1,R
805904,13.657143,0.32608697,0.25,79.442856,-0.20363122,0.2,0.42105263157894735,0.07142857142857142,0.22826086956521738,0,L
669236,13.285714,0.38916257,0.3828,86.916664,-0.52889085,0.7,0.6888888888888889,0.25,0.2943722943722944,2,R
656484,11.190476,0.32786885,0.25,76.4875,-0.33806497,0.5,0.5862068965517241,0.28888888888888886,0.2023121387283237,1,L
669699,9.039216,0.23762377,0.25,77.60526,-1.5036421,0.4,0.6,0.19047619047619047,0.20512820512820512,0,L
665877,10.034188,0.28723404,0.20345454,78.55789,-1.4199882,0.4,0.4642857142857143,0.16326530612244897,0.2727272727272727,2,R
516782,14.372937,0.37278107,0.25,82.6,-1.110607,0.7,0.7142857142857143,0.2953929539295393,0.25821596244131456,2,R
665561,12.217949,0.24223602,0.167,78.62727,-2.1279178,0.4,0.25,0.2647058823529412,0.17532467532467533,0,L
664728,12.077307,0.32458234,0.25,76.10588,-0.59013367,0.7,0.5434782608695652,0.22705314009661837,0.2512820512820513,1,L
666397,14.636076,0.374269,0.2881,82.63158,0.38925672,0.0,0.41304347826086957,0.2153846153846154,0.24287484510532836,0,L
686780,13.553489,0.33007336,0.2501,84.816666,-0.9076763,0.4,0.5454545454545454,0.2383177570093458,0.23043478260869565,0,R
680869,15.311111,0.3500967,0.25,82.10833,-0.20834535,0.4,0.6060606060606061,0.16170212765957448,0.24795640326975477,0,R
457705,16.885921,0.33525345,0.25,84.13,0.11359415,0.2,0.3333333333333333,0.24413145539906103,0.24554039874081846,0,R
703492,11.666667,0.0,0.25,88.0,-6.689651,0.0,0.0,0.0,0.0,0,R
691373,11.0,0.3529412,0.409,77.63809,0.5496964,0.5,0.6666666666666666,0.2,0.21428571428571427,0,R
702222,13.14,0.32110092,0.25,81.45789,-1.4920787,0.2,0.5,0.1111111111111111,0.2677165354330709,0,L
643376,14.69836,0.2746114,0.2871,88.435295,0.22368547,0.3,0.4722222222222222,0.21014492753623187,0.21951219512195122,0,R
607208,17.195377,0.37490436,0.25,82.35384,0.49613664,0.7,0.6481481481481481,0.28205128205128205,0.2944693572496263,0,R
669364,15.979591,0.37672812,0.32018182,74.84,0.003232725,0.9,0.7857142857142857,0.2755417956656347,0.32041343669250644,2,L
666018,15.522449,0.41025642,0.25,89.361115,1.1746556,0.7,0.5925925925925926,0.2484472049689441,0.29821717990275526,3,L
681198,14.285714,0.34228188,0.31158334,79.73478,1.4057683,0.7,0.6607142857142857,0.2222222222222222,0.30246913580246915,0,L
695600,15.014085,0.33846155,0.25,81.49,1.0029514,0.6,0.5,0.17307692307692307,0.2619047619047619,2,L
606192,16.431372,0.3934741,0.25,81.66923,0.985188,0.9,0.6730769230769231,0.28859060402684567,0.2601514108740537,5,R
669003,13.836364,0.38867924,0.25,84.85714,-0.30069104,0.7,0.4666666666666667,0.25263157894736843,0.23267326732673269,1,L
694362,11.035714,0.3802817,0.25,78.32353,0.55312073,0.7,0.7777777777777778,0.21052631578947367,0.2638888888888889,5,R
665833,16.844193,0.3748126,0.25,91.96364,0.29950958,0.6,0.6666666666666666,0.21052631578947367,0.24763903462749212,1,L
666969,16.511906,0.32682925,0.25,88.0,-0.1770383,0.2,0.46296296296296297,0.22943722943722944,0.23054545454545455,1,R
621020,16.2147,0.34201077,0.25,79.59333,-0.07771912,0.5,0.5094339622641509,0.2725225225225225,0.23441926345609065,1,R
681082,16.76,0.3228768,0.36607692,88.30625,0.34623942,0.9,0.6938775510204082,0.2606516290726817,0.2615273775216138,7,L
656305,17.33402,0.3475728,0.2897,86.28236,0.6554631,0.7,0.6037735849056604,0.26666666666666666,0.24205748865355523,5,R
805300,16.50909,0.32851985,0.26408333,82.155556,-0.5045552,0.4,0.4444444444444444,0.27350427350427353,0.23183391003460208,1,L
641487,17.743479,0.32164767,0.21972728,85.84375,0.61872697,0.4,0.5333333333333333,0.2563600782778865,0.25,1,L
802415,13.950617,0.35700196,0.22542857,82.577774,0.2311934,0.6,0.7358490566037735,0.2807017543859649,0.3101851851851852,0,L
671976,10.964286,0.32692307,0.2975,73.69474,-1.759549,0.6,0.5306122448979592,0.16666666666666666,0.24817518248175183,0,L
656555,16.320145,0.32473117,0.25,87.1875,0.281384,0.5,0.40425531914893614,0.20491803278688525,0.23482428115015974,2,R
669397,11.576792,0.2948929,0.25,81.3,-1.7156348,0.5,0.4444444444444444,0.23770491803278687,0.21805792163543442,2,R
691740,9.8,0.54285717,0.25,83.6125,0.41965795,0.6,0.6470588235294118,0.47368421052631576,0.3333333333333333,0,R
669357,15.89034,0.33282444,0.25,85.15833,-0.04245331,0.7,0.6326530612244898,0.2271186440677966,0.21414538310412573,1,L
682829,17.464436,0.41182366,0.25,93.13636,0.5069624,0.8,0.7454545454545455,0.23893805309734514,0.2776898734177215,1,L
542303,17.440945,0.37599206,0.25,84.82667,0.7503779,0.5,0.5111111111111111,0.28019323671497587,0.2711988304093567,2,R
657656,15.114882,0.38075313,0.25,83.875,0.3087694,0.5,0.5294117647058824,0.28287841191067,0.2450638792102207,0,R
694371,9.0,0.5,0.25,84.03333,1.3038718,0.8,1.0,0.6666666666666666,0.4,4,R
665161,14.756579,0.37794614,0.3053,76.753845,0.2309263,0.7,0.75,0.3215962441314554,0.27532869296210366,1,R
669257,17.689157,0.336091,0.3241,82.09,1.0010223,0.6,0.574468085106383,0.24415584415584415,0.2707948243992606,2,R
695506,13.767858,0.2631579,0.25,88.935715,-0.40877348,0.5,0.58,0.1919191919191919,0.19850187265917604,0,L
691594,10.933735,0.2972973,0.32653847,82.18421,0.38517714,0.4,0.4473684210526316,0.23497267759562843,0.26811594202898553,2,R
677594,16.26616,0.39161965,0.32491666,87.48947,0.40065154,0.6,0.6842105263157895,0.2919020715630885,0.2805755395683453,1,R
543877,12.973064,0.28638497,0.28184617,80.30556,-1.0867858,0.3,0.4857142857142857,0.19838056680161945,0.23227752639517346,0,R
691011,11.447369,0.2777778,0.25,86.25,-0.96260726,0.5,0.4117647058823529,0.14814814814814814,0.21333333333333335,1,L
700932,13.9430895,0.3272311,0.25,88.0,0.74793124,0.6,0.56,0.22058823529411764,0.24126984126984127,0,L
691406,16.13308,0.33614865,0.25,85.7,1.0966115,0.9,0.7777777777777778,0.2795275590551181,0.27323943661971833,7,R
680574,17.442509,0.36466774,0.25,83.542854,-0.026112042,0.6,0.5,0.2834008097165992,0.2379182156133829,0,R
663368,14.140562,0.33474576,0.25,88.0,-0.33526295,0.1,0.23076923076923078,0.2641509433962264,0.21263157894736842,0,R
665926,15.300653,0.31583405,0.25,82.22857,-0.5229119,0.4,0.5576923076923077,0.24892703862660945,0.2525684931506849,0,L
669127,15.068889,0.33590308,0.13207692,83.39,0.20673291,0.6,0.72,0.26573426573426573,0.24614065180102915,0,R
676439,11.168831,0.30769232,0.3083,81.94444,-1.876574,0.6,0.4666666666666667,0.08823529411764706,0.22058823529411764,1,L
694497,14.24468,0.28653294,0.25,85.77857,-0.5172802,0.3,0.4074074074074074,0.07608695652173914,0.23640167364016737,0,L
683734,15.411085,0.33240223,0.30841666,81.61579,0.28540233,0.7,0.6111111111111112,0.2929782082324455,0.2506415739948674,1,R
668715,16.615534,0.33530906,0.25,80.675,0.07515529,1.0,0.7169811320754716,0.27872340425531916,0.24926900584795322,12,R
664034,14.269474,0.3365984,0.25,79.95238,-0.31781182,0.5,0.5333333333333333,0.26506024096385544,0.2636127917026793,1,R
669477,12.733083,0.31954888,0.25,85.19,0.0077860467,0.7,0.6304347826086957,0.2532467532467532,0.23595505617977527,2,R
694208,11.485714,0.34745762,0.25,84.41428,0.6918037,0.1,0.4583333333333333,0.1,0.28160919540229884,0,L
606115,14.377309,0.32544377,0.35036364,78.21,-0.15480387,0.5,0.7142857142857143,0.26148409893992935,0.24643584521384929,3,R
678218,13.548388,0.3272727,0.25,79.207695,0.8516016,0.6,0.5,0.2222222222222222,0.26666666666666666,1,L
667670,15.789474,0.39328277,0.25,88.0,1.0441384,0.6,0.5128205128205128,0.2860310421286031,0.2623951182303585,0,R
701305,13.753623,0.43925235,0.25,83.308334,0.4348478,0.6,0.4666666666666667,0.17073170731707318,0.2848101265822785,0,R
807712,15.79,0.35205993,0.28583333,82.80556,0.585438,0.6,0.6730769230769231,0.23931623931623933,0.3,1,R
800050,16.169811,0.31617647,0.3353,85.9125,2.394969,0.3,0.6153846153846154,0.3269230769230769,0.26515151515151514,0,L
676609,13.753213,0.34657535,0.32853845,77.64,-0.09856576,0.6,0.5652173913043478,0.24797843665768193,0.23499361430395913,0,R
663656,16.8291,0.33019754,0.25,82.255,1.50656,0.5,0.6727272727272727,0.2851782363977486,0.27416173570019725,2,L
670764,14.443708,0.2993421,0.25,76.807144,-0.91149896,0.6,0.5263157894736842,0.23616236162361623,0.20060331825037708,0,L
695578,18.781145,0.41476274,0.25,86.77333,0.57106483,0.8,0.631578947368421,0.268733850129199,0.26008344923504867,0,L
641555,11.827586,0.25,0.25,78.8,0.277677,0.4,0.4,0.3548387096774194,0.15966386554621848,0,L
681624,15.410335,0.36005434,0.2177,86.975,0.14674586,0.6,0.6666666666666666,0.3286219081272085,0.250280583613917,2,R
646240,17.821012,0.3773929,0.25,84.18,0.46884578,0.7,0.6851851851851852,0.26257861635220126,0.2782608695652174,2,L
663886,14.803874,0.36235595,0.25,88.0,0.10430708,0.4,0.5,0.2620481927710843,0.2452642073778664,0,R
665804,12.132744,0.31074765,0.28845453,85.747055,0.220442,0.5,0.5625,0.22404371584699453,0.2549889135254989,0,R
669016,14.446902,0.42435426,0.25,86.07143,0.6597242,0.7,0.7647058823529411,0.22895622895622897,0.2882882882882883,1,L
650859,13.67742,0.32680413,0.41509092,80.457695,0.19206448,0.5,0.4888888888888889,0.27575757575757576,0.259222333000997,0,R
694514,8.0,0.15789473,0.196,84.163155,-3.7800984,0.3,0.5,0.0,0.14285714285714285,1,L
672820,13.772037,0.327654,0.25,78.566666,-0.6143453,0.2,0.46153846153846156,0.27627627627627627,0.2449748743718593,0,R
703607,10.764706,0.4857143,0.25,80.323074,-0.296949,0.6,0.6153846153846154,0.5,0.3111111111111111,1,R
656577,11.59375,0.26717559,0.25,78.2,-0.87864745,0.3,0.25,0.1839080459770115,0.17391304347826086,0,R
671277,13.4104805,0.3280067,0.36625,84.163635,-0.07618907,0.5,0.5094339622641509,0.24277456647398843,0.2790513833992095,2,L
664983,12.891813,0.3325,0.14958334,80.15833,-0.105398074,0.6,0.6136363636363636,0.25757575757575757,0.2655086848635236,1,L
687401,13.825582,0.29595828,0.25,82.03077,-0.1965995,0.4,0.4634146341463415,0.2523364485981308,0.22615803814713897,1,R
664023,18.06334,0.3407276,0.25,76.641174,0.18416151,0.3,0.5576923076923077,0.2300380228136882,0.2505478451424397,1,L
672695,16.585314,0.3298611,0.29563636,86.6,0.46887594,0.6,0.5094339622641509,0.30617283950617286,0.25625,0,L
543760,16.367704,0.3,0.2855,78.947365,0.51246285,0.5,0.5370370370370371,0.2631578947368421,0.24643584521384929,0,R
678554,12.395,0.33678755,0.32875,91.011765,-0.3518387,0.7,0.4878048780487805,0.2647058823529412,0.24382716049382716,2,R
686681,13.638728,0.3022388,0.25,78.12857,-0.53752726,0.5,0.5142857142857142,0.23414634146341465,0.24946236559139784,0,L
643446,14.215859,0.2982026,0.25,80.378944,-0.29873133,0.5,0.5660377358490566,0.2613065326633166,0.2551546391752577,0,L
805999,16.357143,0.47826087,0.25,77.95625,0.36232373,0.6,0.6153846153846154,0.23076923076923078,0.3,1,L
696100,14.077966,0.36612022,0.25,78.175,0.8718493,0.6,0.6538461538461539,0.2572463768115942,0.2598639455782313,2,R
571448,15.934066,0.32292524,0.29683334,89.30625,0.47608584,0.8,0.660377358490566,0.2583732057416268,0.2756155679110405,3,R
679822,10.711111,0.26984128,0.25,82.34375,-1.4743066,0.7,0.5294117647058824,0.2,0.1388888888888889,1,R
660710,8.642858,0.07692308,0.25,76.06364,0.6072617,0.3,0.3333333333333333,0.16666666666666666,0.11764705882352941,0,R
606466,16.250526,0.34845892,0.587,87.79375,1.9867272,0.9,0.6346153846153846,0.3229166666666667,0.272572402044293,8,L
670623,18.117256,0.3041825,0.25,82.165,0.5676282,0.7,0.6458333333333334,0.2785515320334262,0.24461028192371476,3,R
691788,13.588235,0.3548387,0.25,78.458824,-0.46675214,0.6,0.5294117647058824,0.08333333333333333,0.2564102564102564,2,L
665750,13.908629,0.32678983,0.25,71.25,-0.5901771,0.5,0.6046511627906976,0.2222222222222222,0.25075225677031093,2,R
804606,15.456522,0.4117647,0.25,74.4,-0.3196425,0.8,0.6521739130434783,0.28205128205128205,0.2595419847328244,0,R
647304,14.3125,0.33783785,0.23257142,82.668,0.3682526,0.6,0.5961538461538461,0.275,0.29061224489795917,1,L
642215,10.658119,0.38194445,0.22,81.588234,0.7420681,0.5,0.5,0.2582781456953642,0.24761904761904763,0,R
807747,5.0,0.6,0.25,88.0,1.5605597,0.6666666666666666,1.0,0.5,0.5,1,L
682657,14.450892,0.30367506,0.15992858,83.768,-0.18611716,0.6,0.58,0.27459016393442626,0.21904761904761905,0,L
686555,14.195652,0.36070383,0.25,79.73637,-0.39786613,0.4,0.5217391304347826,0.22527472527472528,0.2655367231638418,2,L
691026,17.542936,0.32562813,0.25,83.083336,-0.404989,0.6,0.6521739130434783,0.2617283950617284,0.24923702950152593,1,R
803011,15.333333,0.35164836,0.25,80.24117,0.20552778,0.5,0.6388888888888888,0.058823529411764705,0.3333333333333333,0,L
691718,13.881657,0.31967214,0.25,89.14,-0.17616324,0.6,0.5818181818181818,0.21574344023323616,0.2467222884386174,0,L
682998,16.720388,0.35163933,0.4362,89.54211,1.2719021,1.0,0.6346153846153846,0.26837606837606837,0.26721556886227543,12,L
665923,12.141361,0.34183672,0.25,85.15,-0.2966012,0.3,0.35294117647058826,0.2524271844660194,0.24866310160427807,1,R
691016,13.72327,0.33796296,0.28963637,83.545,0.21394645,0.6,0.5283018867924528,0.242152466367713,0.25458996328029376,1,L
677942,13.762196,0.37919462,0.34691668,88.76,0.16865404,0.5,0.4864864864864865,0.26881720430107525,0.23197492163009403,0,R
668952,11.04,0.32380953,0.3289,82.35,-0.52427256,0.7,0.7142857142857143,0.203125,0.22033898305084745,1,R
683357,12.3125,0.4025974,0.25,88.0,-0.43904263,0.6,0.5,0.17857142857142858,0.2191780821917808,0,L
680757,18.144604,0.3071253,0.25,72.53333,-0.04259764,0.4,0.5,0.262987012987013,0.2757078986587183,1,L
691720,14.8125,0.31937173,0.25,85.23077,-0.0790739,0.5,0.5192307692307693,0.2,0.22380952380952382,1,R
663494,23.0,0.5,0.25,82.65714,1.5055307,1.0,1.0,0.0,0.4444444444444444,2,L
663757,15.673809,0.28947368,0.25,77.34615,0.16917412,0.6,0.4339622641509434,0.22023809523809523,0.2153846153846154,4,L
696285,13.42353,0.33117723,0.38654545,87.4,-0.44283125,0.6,0.6078431372549019,0.25573770491803277,0.2519893899204244,2,R
502671,17.004124,0.36160713,0.25,77.13077,0.6038292,0.5,0.46875,0.3150406504065041,0.24880382775119617,0,R
605141,17.200445,0.32369477,0.25,84.06842,1.3036557,0.5,0.5217391304347826,0.28778467908902694,0.2848932676518883,1,R
668930,16.490871,0.35756552,0.25,88.0,-0.10889263,0.8,0.6938775510204082,0.26616915422885573,0.2681268882175227,5,L
620443,11.518518,0.30397728,0.2452,81.005554,-0.44066226,0.3,0.4666666666666667,0.2484472049689441,0.21865889212827988,0,R
680779,14.493023,0.25742576,0.23515384,83.17895,-1.0607169,0.2,0.37142857142857144,0.1807909604519774,0.1780821917808219,0,R
592518,16.379648,0.33878887,0.25,88.0,0.39964253,0.4,0.4528301886792453,0.2778993435448578,0.26578764746703676,0,R
680728,13.435643,0.39490446,0.25,81.676926,0.57865065,0.2,0.46875,0.225,0.24806201550387597,0,L
670541,16.479675,0.3711217,0.25,81.03333,1.6627289,0.6,0.6666666666666666,0.33029612756264237,0.2868480725623583,0,L
683146,14.418398,0.34169278,0.25,81.99286,0.3129655,0.7,0.5490196078431373,0.2052401746724891,0.2524271844660194,1,L
624424,14.698156,0.31668696,0.25,81.293335,0.16744822,0.3,0.4857142857142857,0.26153846153846155,0.2274436090225564,0,L
593428,16.070969,0.35205364,0.25,81.886665,0.019749552,0.4,0.5660377358490566,0.2863636363636364,0.27491961414790994,1,R
689414,13.039548,0.29503918,0.25,84.5,0.10951145,0.4,0.5925925925925926,0.18888888888888888,0.27163461538461536,0,L
696030,11.831461,0.32298136,0.32307693,87.43889,-0.7690178,0.6,0.5333333333333333,0.2222222222222222,0.24630541871921183,4,L
682818,11.869565,0.3846154,0.36572728,85.40455,-1.175666,0.6,0.6521739130434783,0.2857142857142857,0.3220338983050847,3,L
702284,14.590909,0.3006757,0.31058332,77.56,-0.039186954,0.6,0.6140350877192983,0.23770491803278687,0.23648648648648649,2,L
650490,16.767206,0.37639198,0.31175,89.27143,1.233899,0.7,0.7692307692307693,0.33116883116883117,0.30891950688905,1,R
686797,14.383333,0.29716194,0.25,87.62,-0.2157188,0.6,0.6538461538461539,0.26785714285714285,0.23626373626373626,2,R
687551,12.289855,0.26206896,0.20678571,85.84375,-1.1578023,0.5,0.5,0.05263157894736842,0.25153374233128833,4,L
686527,11.273077,0.33786848,0.3395,92.215385,-0.09060031,0.4,0.44,0.21296296296296297,0.26421404682274247,1,L
656941,19.30038,0.31773666,0.25,76.00714,0.99640507,0.6,0.5769230769230769,0.2513888888888889,0.21964856230031948,1,L
814439,12.818182,0.5365854,0.25,80.009094,-0.998014,0.7,0.6666666666666666,0.4666666666666667,0.3125,3,R
572233,16.80792,0.33730522,0.25,85.11429,0.39521182,0.5,0.5925925925925926,0.26036866359447003,0.25426136363636365,3,R
672640,14.38558,0.35429263,0.32527274,88.72632,0.018118978,0.7,0.8,0.26038781163434904,0.29396325459317585,2,R
687462,15.511029,0.3403909,0.25,84.111115,0.3634057,0.8,0.64,0.1956521739130435,0.28843537414965986,2,L
668885,14.0,0.3721519,0.26323077,81.97895,-0.12851162,0.6,0.6739130434782609,0.3050847457627119,0.27873563218390807,3,R
672275,14.160207,0.32575756,0.25,82.315,-1.0358753,0.3,0.4444444444444444,0.2360248447204969,0.22562979189485213,0,L
680700,13.283334,0.31988472,0.25,77.31765,-0.12534457,0.7,0.45714285714285713,0.3157894736842105,0.23696682464454977,0,L
518692,17.063461,0.38403043,0.25,71.38461,1.5439665,0.4,0.6481481481481481,0.2909090909090909,0.3120728929384966,0,L
661388,17.01386,0.38486314,0.5073,88.125,0.8891554,0.8,0.7843137254901961,0.30927835051546393,0.2885317750182615,8,R
701807,16.19608,0.344,0.25,88.0,-0.11897665,0.6,0.5882352941176471,0.3548387096774194,0.2348993288590604,0,L
672580,15.942973,0.33478895,0.3367,84.39412,-0.22914279,0.8,0.6851851851851852,0.28674698795180725,0.2616361071932299,3,R
694192,15.434641,0.37176165,0.25,81.99231,0.78281695,0.8,0.7619047619047619,0.3161290322580645,0.2736842105263158,3,R
805811,15.318182,0.225,0.25,84.76471,-0.77180076,0.4,0.4166666666666667,0.0,0.15625,1,L
680737,9.81132,0.31868133,0.25,80.76111,-0.5650242,0.6,0.5714285714285714,0.2,0.30434782608695654,0,R
543807,16.5,0.33418804,0.3145,92.13846,0.6721073,0.6,0.6111111111111112,0.23690773067331672,0.27695716395864106,0,R
668227,17.827652,0.36447734,0.25,82.04211,0.30892617,0.5,0.6666666666666666,0.24652087475149106,0.2503586800573888,1,R
641933,15.83871,0.32586557,0.19558333,78.79474,0.23649436,0.3,0.4117647058823529,0.2361111111111111,0.22429906542056074,0,R
678246,15.88102,0.27002585,0.25,87.94,-0.11975568,0.7,0.6111111111111112,0.23641304347826086,0.2052896725440806,3,R
686611,14.836065,0.2846975,0.23676923,86.492,-0.06393771,0.6,0.8333333333333334,0.22033898305084745,0.2138364779874214,3,R
702616,15.929578,0.32135728,0.25,86.12857,-0.27326304,0.3,0.25,0.1796116504854369,0.25301204819277107,0,L
808959,19.072727,0.369863,0.25,80.57273,1.2088494,0.6,0.5818181818181818,0.22413793103448276,0.23880597014925373,0,L
682928,15.923077,0.32430342,0.25,86.958824,0.33427134,0.6,0.6607142857142857,0.24096385542168675,0.26339622641509436,0,L
592450,18.550936,0.47702703,0.40558332,90.755554,2.7001147,0.4,0.6607142857142857,0.32697547683923706,0.3118195956454121,1,R
808975,12.25,0.4127907,0.25,76.40476,-0.58214986,0.5,0.5526315789473685,0.2857142857142857,0.2754237288135593,0,L
668709,15.197803,0.29947916,0.25,79.58667,0.13716696,0.6,0.625,0.2397003745318352,0.23117709437963946,0,L
683737,15.517858,0.34478202,0.25,82.07059,0.45563254,0.6,0.5454545454545454,0.23107569721115537,0.2567049808429119,1,L
665487,16.255966,0.35822222,0.43007693,78.87143,0.4796942,0.6,0.6296296296296297,0.2616136919315403,0.27765237020316025,1,R
687363,12.730088,0.3034483,0.25,77.86316,-0.61318207,0.4,0.41304347826086957,0.24193548387096775,0.19675456389452334,1,L
700250,15.526971,0.30962342,0.26075,80.911766,1.0722276,0.6,0.6730769230769231,0.2079207920792079,0.2625418060200669,0,L
571771,13.074074,0.3045326,0.32854545,82.990906,-0.40661964,0.7,0.6,0.23351648351648352,0.2364963503649635,2,R
664770,12.550505,0.33894232,0.41381818,81.05652,0.5956715,0.6,0.4090909090909091,0.21875,0.28629856850715746,2,L
670042,12.707124,0.37132987,0.21408333,80.26,0.772701,0.4,0.46,0.1875,0.25448785638859556,0,L
621493,17.390757,0.3382353,0.33433333,83.91765,1.159574,0.8,0.5882352941176471,0.2879581151832461,0.23564504101416853,2,R
695734,14.687075,0.36103895,0.25,75.38182,0.35022578,0.9,0.7321428571428571,0.2556390977443609,0.30198019801980197,6,L
641355,16.40664,0.3377743,0.4774,90.6,1.2315077,0.7,0.6785714285714286,0.321880650994575,0.26540284360189575,2,L
660271,18.19608,0.42147923,0.25,84.93846,2.3597398,0.9,0.6538461538461539,0.2820919175911252,0.3088803088803089,0,L
621439,16.036112,0.36619717,0.25,87.1,0.58135647,0.8,0.7021276595744681,0.26628895184135976,0.2527147087857848,2,R
802139,19.254902,0.2835821,0.25,90.223076,0.20617053,0.6,0.6666666666666666,0.1864406779661017,0.2517482517482518,1,L
701398,15.5,0.33125,0.25,88.0,0.92194295,0.5,0.625,0.30612244897959184,0.2558139534883721,0,R
592626,13.558824,0.31478772,0.32245454,86.4,0.24035901,0.4,0.45098039215686275,0.2,0.24392614188532555,0,L
609280,13.72,0.35528332,0.34945455,82.47727,0.41321015,0.8,0.6590909090909091,0.35585585585585583,0.2765625,1,R
664056,13.498728,0.34303796,0.25,87.32143,-0.36293387,0.7,0.5384615384615384,0.2402088772845953,0.25257142857142856,3,R
608324,17.115463,0.32129422,0.31109092,87.05294,0.29727924,0.8,0.7454545454545455,0.259047619047619,0.2831926323867997,4,R
640902,12.173077,0.34065935,0.25,80.37692,-1.0519154,0.5,0.5,0.2894736842105263,0.21428571428571427,0,R
660821,13.781659,0.3576233,0.25,83.58,0.0069934223,0.8,0.660377358490566,0.1752136752136752,0.2770780856423174,0,L
666126,11.569767,0.38650307,0.25,78.695,1.3620033,0.8,0.6590909090909091,0.5,0.3140096618357488,7,L
668939,17.800915,0.3127148,0.25,87.3,0.502611,0.5,0.631578947368421,0.3037974683544304,0.2462356067316209,0,R
643217,15.077263,0.3034483,0.25,82.71905,-0.5143171,0.5,0.5306122448979592,0.25071225071225073,0.24703087885985747,0,L
686452,12.558441,0.3181818,0.18163636,73.594734,-0.3254874,0.5,0.43333333333333335,0.12195121951219512,0.2655367231638418,1,L
665862,16.685913,0.3590034,0.25,88.0,0.48384187,0.8,0.6428571428571429,0.23940677966101695,0.2572463768115942,2,L
553993,16.648752,0.3607925,0.25,76.84706,0.12006262,0.4,0.5333333333333333,0.22736842105263158,0.24820143884892087,0,R
693304,14.712728,0.3657858,0.25,84.66,-0.20793322,0.6,0.66,0.25539568345323743,0.2802721088435374,0,R
642715,17.149254,0.32953548,0.25,81.05625,0.36748964,0.8,0.6415094339622641,0.206,0.2496607869742198,3,R
607043,18.158203,0.34419712,0.25,85.12778,0.07002421,0.5,0.6415094339622641,0.27495908346972175,0.2548005908419498,0,L
701538,14.878049,0.35012594,0.25,83.46154,0.28836536,0.3,0.5098039215686274,0.23796033994334279,0.28486293206197855,0,L
678662,15.421842,0.38108355,0.22653846,76.012,-0.26958314,0.8,0.6226415094339622,0.26954732510288065,0.26,1,R
624413,17.478504,0.3324397,0.382,89.857895,0.81319064,0.7,0.6363636363636364,0.23613595706618962,0.25837988826815644,3,R
701762,17.710983,0.46341464,0.25,78.06,1.6520332,0.8,0.6727272727272727,0.21182266009852216,0.33088235294117646,7,L
683083,13.271187,0.2985782,0.25,81.17333,-0.14956433,0.3,0.4807692307692308,0.2708333333333333,0.19248826291079812,1,L
683011,16.358334,0.32212886,0.25,82.275,-0.5014295,0.5,0.375,0.26269315673289184,0.2188708430007734,0,R
665019,13.315175,0.29387754,0.35221428,82.41739,-0.039004058,0.8,0.5813953488372093,0.24503311258278146,0.22523961661341854,2,L
592885,17.515,0.3884026,0.25,77.42,0.84377116,0.3,0.5,0.2595078299776286,0.2953216374269006,0,L
663993,17.395582,0.35545453,0.25,86.078575,-0.078269005,0.6,0.55,0.21991701244813278,0.27129337539432175,4,L
676391,11.668524,0.32532534,0.20192857,78.848,-0.41327786,0.7,0.7407407407407407,0.29292929292929293,0.284325637910085,7,R
592206,14.905698,0.3581315,0.25,84.68,-0.012159316,0.5,0.4473684210526316,0.2784090909090909,0.2537202380952381,0,R
650333,15.827788,0.34818482,0.2663,80.808,0.44638276,0.7,0.7647058823529411,0.28596491228070176,0.34185082872928174,0,L
677649,12.208695,0.3681885,0.25,81.96111,-0.37936804,0.7,0.6666666666666666,0.24404761904761904,0.2723404255319149,0,R
699393,5.25,0.375,0.25,88.76,0.4044809,0.5,0.6666666666666666,0.0,0.375,1,L
621438,12.203077,0.31578946,0.25,76.24117,-0.5829364,0.3,0.358974358974359,0.24516129032258063,0.2330246913580247,0,R
664040,15.963235,0.35427135,0.43572727,90.792305,1.0010471,0.7,0.6326530612244898,0.21359223300970873,0.2661431064572426,1,L
547180,16.74074,0.37512147,0.25,87.95,1.2459171,0.6,0.6481481481481481,0.28594771241830064,0.2839622641509434,0,L
672515,15.535384,0.37114847,0.4226,81.97647,0.17000231,0.6,0.46875,0.3210702341137124,0.26986301369863014,1,R
676694,13.294444,0.3415906,0.1948,77.08182,-0.44656044,0.6,0.6470588235294118,0.2525597269624573,0.2482837528604119,2,R
669065,13.969828,0.37799042,0.25,84.61667,-0.1455647,0.5,0.5,0.24375,0.2568493150684932,0,L
806068,15.0,0.42857143,0.25,84.805,1.5049844,0.5,0.42857142857142855,0.25,0.3333333333333333,1,L
666182,16.093079,0.36507937,0.25,80.375,0.991774,0.6,0.6545454545454545,0.2831858407079646,0.2950075642965204,1,R
656775,15.2362385,0.2861635,0.25,87.1375,-0.6237091,0.8,0.48936170212765956,0.24166666666666667,0.21818181818181817,2,L
605137,15.706721,0.3199285,0.25,85.98,0.11722865,0.7,0.5471698113207547,0.24693877551020407,0.2524671052631579,1,R
683748,10.428572,0.25,0.25,83.93889,2.1130676,0.4,0.6,0.3,0.2,0,L
677951,16.615671,0.382964,0.4271818,85.19444,0.80267346,0.8,0.7857142857142857,0.32036613272311215,0.2991150442477876,2,R
671289,13.319489,0.31824416,0.2449091,82.295235,-0.5199132,0.4,0.65625,0.24,0.26910828025477707,0,R
671056,16.487804,0.3937729,0.25,84.34375,1.2112348,0.9,0.75,0.30973451327433627,0.2915980230642504,2,R
677587,13.458204,0.31586608,0.25,88.32143,0.19306587,0.5,0.6181818181818182,0.22,0.24927113702623907,0,L
687231,12.871212,0.30375427,0.25,82.98,-1.3848667,0.6,0.5714285714285714,0.2748091603053435,0.21923076923076923,1,R
683002,17.071018,0.3659751,0.25,82.01579,1.0202965,0.6,0.6226415094339622,0.23141891891891891,0.2860199714693295,4,L
805367,17.158192,0.34408602,0.25,82.21,-0.21986614,0.5,0.7169811320754716,0.31016042780748665,0.25,2,R
521692,15.003929,0.32473812,0.333,88.52778,0.25960112,0.5,0.5849056603773585,0.25925925925925924,0.2587508579272478,1,R
650489,15.144828,0.35714287,0.25,82.54706,0.23228583,0.5,0.6,0.25790754257907544,0.24784688995215312,2,L
608070,17.830189,0.31575435,0.3989,88.51,0.42431486,0.7,0.631578947368421,0.30505709624796085,0.2743177046885934,0,L
691023,14.530121,0.37020648,0.25,85.53529,-0.07705669,0.7,0.7450980392156863,0.2348993288590604,0.26291079812206575,2,R
695657,15.548388,0.32394367,0.25,82.10555,1.0414335,0.6,0.5925925925925926,0.21804511278195488,0.23948220064724918,0,L
683953,15.666667,0.38709676,0.3101,83.14375,1.7933277,0.8,0.68,0.2727272727272727,0.3389830508474576,2,L
686469,16.381418,0.2963964,0.26918182,88.433334,0.11085448,0.6,0.5576923076923077,0.21333333333333335,0.2706896551724138,3,L
687859,11.51,0.42857143,0.25,83.36667,0.8951357,0.7,0.7115384615384616,0.1951219512195122,0.3458333333333333,2,L
676475,13.837417,0.33391005,0.37336364,90.042854,0.15075627,0.9,0.6862745098039216,0.24233128834355827,0.29720853858784896,7,L
668901,14.554286,0.3524229,0.19145454,84.10667,0.7567885,0.5,0.574468085106383,0.27411167512690354,0.23565323565323565,0,R
672960,17.846153,0.32291666,0.25,84.45385,0.61389,0.3,0.5961538461538461,0.2619047619047619,0.20134228187919462,1,R
668804,17.112186,0.37000814,0.25,86.2125,0.3142377,0.7,0.5454545454545454,0.28596187175043325,0.26036363636363635,2,L
699912,13.130435,0.35789475,0.16309091,77.671425,-1.4042715,0.5,0.5714285714285714,0.24390243902439024,0.2727272727272727,0,R
701358,15.345745,0.3479452,0.25,72.09091,-0.60688096,0.6,0.49056603773584906,0.2484076433121019,0.22696629213483147,4,R
664761,15.055319,0.34724408,0.448,92.333336,0.7253375,0.8,0.5576923076923077,0.30353430353430355,0.2780448717948718,0,R
681297,15.319355,0.33398438,0.25,72.75833,0.27088526,0.6,0.4146341463414634,0.211864406779661,0.21870882740447958,4,L
